pase,anchor,confirmer,symbol,horizon,n_signals,n_conclusive,hit_rate,avg_ret_aligned_pct
A_1h_1h,rsi,(solo),BTC,1,408,274,49.3,0.014
A_1h_1h,rsi,macd,BTC,1,38,26,57.7,0.086
A_1h_1h,rsi,bb,BTC,1,6,4,50.0,-0.0
A_1h_1h,rsi,ema,BTC,1,8,5,60.0,0.079
A_1h_1h,rsi,adx,BTC,1,398,267,49.1,0.014
A_1h_1h,rsi,vol,BTC,1,206,142,46.5,-0.002
A_1h_1h,rsi,(solo),BTC,2,408,306,49.3,-0.029
A_1h_1h,rsi,macd,BTC,2,38,29,58.6,0.078
A_1h_1h,rsi,bb,BTC,2,6,5,40.0,-0.414
A_1h_1h,rsi,ema,BTC,2,8,7,57.1,0.181
A_1h_1h,rsi,adx,BTC,2,398,297,48.8,-0.033
A_1h_1h,rsi,vol,BTC,2,206,164,48.2,-0.022
A_1h_1h,rsi,(solo),BTC,4,408,329,51.1,-0.005
A_1h_1h,rsi,macd,BTC,4,38,34,55.9,0.101
A_1h_1h,rsi,bb,BTC,4,6,6,50.0,-0.38
A_1h_1h,rsi,ema,BTC,4,8,6,66.7,0.474
A_1h_1h,rsi,adx,BTC,4,398,320,51.2,-0.007
A_1h_1h,rsi,vol,BTC,4,206,168,51.2,0.055
A_1h_1h,macd,(solo),BTC,1,13126,7814,48.3,-0.001
A_1h_1h,macd,rsi,BTC,1,6881,4176,46.9,0.001
A_1h_1h,macd,bb,BTC,1,7025,4271,46.8,-0.0
A_1h_1h,macd,ema,BTC,1,6506,3946,47.2,-0.001
A_1h_1h,macd,adx,BTC,1,9325,5832,47.9,-0.005
A_1h_1h,macd,vol,BTC,1,4704,3113,49.0,0.011
A_1h_1h,macd,(solo),BTC,2,13125,9195,48.7,-0.001
A_1h_1h,macd,rsi,BTC,2,6880,4873,46.5,-0.001
A_1h_1h,macd,bb,BTC,2,7025,4969,46.3,0.0
A_1h_1h,macd,ema,BTC,2,6505,4644,46.9,-0.004
A_1h_1h,macd,adx,BTC,2,9324,6739,48.3,-0.008
A_1h_1h,macd,vol,BTC,2,4704,3556,49.1,0.019
A_1h_1h,macd,(solo),BTC,4,13123,10190,49.7,0.001
A_1h_1h,macd,rsi,BTC,4,6880,5391,47.3,0.002
A_1h_1h,macd,bb,BTC,4,7025,5490,47.0,0.003
A_1h_1h,macd,ema,BTC,4,6503,5133,47.6,-0.005
A_1h_1h,macd,adx,BTC,4,9322,7407,49.3,-0.009
A_1h_1h,macd,vol,BTC,4,4704,3804,49.7,0.026
A_1h_1h,bb,(solo),BTC,1,2357,1476,53.3,0.018
A_1h_1h,bb,rsi,BTC,1,270,173,54.3,0.052
A_1h_1h,bb,macd,BTC,1,273,172,59.9,0.054
A_1h_1h,bb,ema,BTC,1,572,341,53.1,0.031
A_1h_1h,bb,adx,BTC,1,1769,1153,53.9,0.024
A_1h_1h,bb,vol,BTC,1,1094,735,53.7,0.037
A_1h_1h,bb,(solo),BTC,2,2357,1727,53.9,0.028
A_1h_1h,bb,rsi,BTC,2,270,199,53.3,0.072
A_1h_1h,bb,macd,BTC,2,273,202,58.9,0.086
A_1h_1h,bb,ema,BTC,2,572,411,55.0,0.049
A_1h_1h,bb,adx,BTC,2,1769,1341,54.7,0.036
A_1h_1h,bb,vol,BTC,2,1094,844,54.0,0.066
A_1h_1h,bb,(solo),BTC,4,2357,1857,55.5,0.033
A_1h_1h,bb,rsi,BTC,4,270,222,53.6,0.089
A_1h_1h,bb,macd,BTC,4,273,220,55.5,0.052
A_1h_1h,bb,ema,BTC,4,572,433,57.3,0.072
A_1h_1h,bb,adx,BTC,4,1769,1425,54.9,0.035
A_1h_1h,bb,vol,BTC,4,1094,884,54.6,0.078
B_1h_4h,rsi,macd,BTC,1,30,16,62.5,0.206
B_1h_4h,rsi,bb,BTC,1,13,12,83.3,0.598
B_1h_4h,rsi,ema,BTC,1,72,51,56.9,0.085
B_1h_4h,rsi,adx,BTC,1,325,221,48.4,0.013
B_1h_4h,rsi,vol,BTC,1,244,181,48.1,0.017
B_1h_4h,rsi,macd,BTC,2,30,26,69.2,0.389
B_1h_4h,rsi,bb,BTC,2,13,11,90.9,0.836
B_1h_4h,rsi,ema,BTC,2,72,52,61.5,0.11
B_1h_4h,rsi,adx,BTC,2,325,248,48.4,-0.037
B_1h_4h,rsi,vol,BTC,2,244,205,51.7,-0.032
B_1h_4h,rsi,macd,BTC,4,30,26,73.1,0.545
B_1h_4h,rsi,bb,BTC,4,13,11,100.0,1.194
B_1h_4h,rsi,ema,BTC,4,72,55,58.2,0.212
B_1h_4h,rsi,adx,BTC,4,325,260,51.5,0.003
B_1h_4h,rsi,vol,BTC,4,244,199,50.8,-0.011
B_1h_4h,macd,rsi,BTC,1,6463,3904,52.8,0.046
B_1h_4h,macd,bb,BTC,1,6358,3833,53.1,0.049
B_1h_4h,macd,ema,BTC,1,6477,3895,50.4,0.025
B_1h_4h,macd,adx,BTC,1,9377,5762,47.9,-0.004
B_1h_4h,macd,vol,BTC,1,5068,3663,50.2,0.016
B_1h_4h,macd,rsi,BTC,2,6462,4594,53.5,0.079
B_1h_4h,macd,bb,BTC,2,6357,4530,53.8,0.083
B_1h_4h,macd,ema,BTC,2,6476,4603,50.9,0.044
B_1h_4h,macd,adx,BTC,2,9376,6703,48.8,-0.001
B_1h_4h,macd,vol,BTC,2,5068,4096,50.0,0.023
B_1h_4h,macd,rsi,BTC,4,6460,5086,52.9,0.097
B_1h_4h,macd,bb,BTC,4,6355,5021,53.0,0.103
B_1h_4h,macd,ema,BTC,4,6474,5086,51.4,0.058
B_1h_4h,macd,adx,BTC,4,9374,7399,49.6,-0.003
B_1h_4h,macd,vol,BTC,4,5068,4313,50.6,0.03
B_1h_4h,bb,rsi,BTC,1,635,370,65.1,0.122
B_1h_4h,bb,macd,BTC,1,707,444,57.0,0.061
B_1h_4h,bb,ema,BTC,1,881,520,55.8,0.052
B_1h_4h,bb,adx,BTC,1,1663,1084,54.4,0.026
B_1h_4h,bb,vol,BTC,1,1261,918,52.1,0.023
B_1h_4h,bb,rsi,BTC,2,635,458,68.1,0.204
B_1h_4h,bb,macd,BTC,2,707,534,59.2,0.11
B_1h_4h,bb,ema,BTC,2,881,615,56.4,0.084
B_1h_4h,bb,adx,BTC,2,1663,1240,55.2,0.037
B_1h_4h,bb,vol,BTC,2,1261,1029,53.1,0.041
B_1h_4h,bb,rsi,BTC,4,635,489,67.1,0.248
B_1h_4h,bb,macd,BTC,4,707,571,58.0,0.147
B_1h_4h,bb,ema,BTC,4,881,651,61.3,0.128
B_1h_4h,bb,adx,BTC,4,1663,1321,56.9,0.05
B_1h_4h,bb,vol,BTC,4,1261,1049,53.5,0.044
C_4h_4h,rsi,(solo),BTC,1,95,71,63.4,0.108
C_4h_4h,rsi,macd,BTC,1,10,9,77.8,0.587
C_4h_4h,rsi,bb,BTC,1,0,0,,
C_4h_4h,rsi,ema,BTC,1,0,0,,
C_4h_4h,rsi,adx,BTC,1,91,67,61.2,0.097
C_4h_4h,rsi,vol,BTC,1,48,34,73.5,0.188
C_4h_4h,rsi,(solo),BTC,2,95,84,63.1,0.24
C_4h_4h,rsi,macd,BTC,2,10,9,66.7,0.429
C_4h_4h,rsi,bb,BTC,2,0,0,,
C_4h_4h,rsi,ema,BTC,2,0,0,,
C_4h_4h,rsi,adx,BTC,2,91,81,63.0,0.231
C_4h_4h,rsi,vol,BTC,2,48,42,66.7,0.31
C_4h_4h,macd,(solo),BTC,1,3280,2571,48.7,0.017
C_4h_4h,macd,rsi,BTC,1,1723,1391,46.7,0.018
C_4h_4h,macd,bb,BTC,1,1710,1400,47.2,0.02
C_4h_4h,macd,ema,BTC,1,1593,1267,47.7,0.03
C_4h_4h,macd,adx,BTC,1,2344,1879,48.2,0.002
C_4h_4h,macd,vol,BTC,1,1267,1069,48.1,0.021
C_4h_4h,macd,(solo),BTC,2,3279,2766,49.6,0.001
C_4h_4h,macd,rsi,BTC,2,1723,1489,47.7,0.007
C_4h_4h,macd,bb,BTC,2,1710,1484,46.8,-0.002
C_4h_4h,macd,ema,BTC,2,1593,1360,48.8,0.014
C_4h_4h,macd,adx,BTC,2,2343,1989,48.8,-0.014
C_4h_4h,macd,vol,BTC,2,1267,1118,48.3,-0.004
C_4h_4h,bb,(solo),BTC,1,600,481,55.3,0.043
C_4h_4h,bb,rsi,BTC,1,64,49,38.8,-0.151
C_4h_4h,bb,macd,BTC,1,56,42,59.5,0.189
C_4h_4h,bb,ema,BTC,1,162,130,55.4,0.023
C_4h_4h,bb,adx,BTC,1,453,360,55.0,0.055
C_4h_4h,bb,vol,BTC,1,265,223,54.3,0.056
C_4h_4h,bb,(solo),BTC,2,600,512,54.7,0.057
C_4h_4h,bb,rsi,BTC,2,64,54,35.2,-0.211
C_4h_4h,bb,macd,BTC,2,56,46,45.7,0.217
C_4h_4h,bb,ema,BTC,2,162,137,57.7,0.126
C_4h_4h,bb,adx,BTC,2,453,384,54.2,0.046
C_4h_4h,bb,vol,BTC,2,265,232,51.3,0.038
A_1h_1h,rsi,(solo),ETH,1,417,309,48.5,-0.001
A_1h_1h,rsi,macd,ETH,1,68,51,52.9,0.001
A_1h_1h,rsi,bb,ETH,1,7,5,40.0,0.131
A_1h_1h,rsi,ema,ETH,1,7,6,50.0,-0.057
A_1h_1h,rsi,adx,ETH,1,398,296,48.0,-0.003
A_1h_1h,rsi,vol,ETH,1,184,137,49.6,0.022
A_1h_1h,rsi,(solo),ETH,2,417,350,49.4,-0.048
A_1h_1h,rsi,macd,ETH,2,68,58,56.9,0.023
A_1h_1h,rsi,bb,ETH,2,7,7,57.1,-0.357
A_1h_1h,rsi,ema,ETH,2,7,6,66.7,0.035
A_1h_1h,rsi,adx,ETH,2,398,338,49.1,-0.058
A_1h_1h,rsi,vol,ETH,2,184,157,52.2,-0.038
A_1h_1h,rsi,(solo),ETH,4,417,352,49.4,-0.103
A_1h_1h,rsi,macd,ETH,4,68,58,53.4,-0.162
A_1h_1h,rsi,bb,ETH,4,7,7,71.4,0.148
A_1h_1h,rsi,ema,ETH,4,7,6,66.7,0.575
A_1h_1h,rsi,adx,ETH,4,398,336,48.8,-0.119
A_1h_1h,rsi,vol,ETH,4,184,162,52.5,-0.098
A_1h_1h,macd,(solo),ETH,1,13126,9284,48.9,0.011
A_1h_1h,macd,rsi,ETH,1,6895,4898,46.6,0.016
A_1h_1h,macd,bb,ETH,1,6922,4935,46.3,0.017
A_1h_1h,macd,ema,ETH,1,6432,4607,48.0,0.02
A_1h_1h,macd,adx,ETH,1,9262,6766,49.0,0.005
A_1h_1h,macd,vol,ETH,1,4755,3573,48.1,0.032
A_1h_1h,macd,(solo),ETH,2,13125,10377,48.9,0.011
A_1h_1h,macd,rsi,ETH,2,6895,5481,46.3,0.015
A_1h_1h,macd,bb,ETH,2,6922,5507,46.1,0.018
A_1h_1h,macd,ema,ETH,2,6431,5119,47.5,0.023
A_1h_1h,macd,adx,ETH,2,9261,7472,48.9,-0.002
A_1h_1h,macd,vol,ETH,2,4755,3929,48.0,0.024
A_1h_1h,macd,(solo),ETH,4,13123,11102,49.2,0.023
A_1h_1h,macd,rsi,ETH,4,6895,5844,46.4,0.029
A_1h_1h,macd,bb,ETH,4,6922,5894,46.3,0.041
A_1h_1h,macd,ema,ETH,4,6429,5456,47.2,0.032
A_1h_1h,macd,adx,ETH,4,9259,7934,49.0,0.008
A_1h_1h,macd,vol,ETH,4,4755,4118,48.8,0.062
A_1h_1h,bb,(solo),ETH,1,2475,1790,51.5,0.006
A_1h_1h,bb,rsi,ETH,1,302,204,50.0,0.074
A_1h_1h,bb,macd,ETH,1,316,221,54.8,0.074
A_1h_1h,bb,ema,ETH,1,621,433,50.6,0.004
A_1h_1h,bb,adx,ETH,1,1790,1327,52.0,0.006
A_1h_1h,bb,vol,ETH,1,1126,827,51.5,0.029
A_1h_1h,bb,(solo),ETH,2,2475,1988,52.4,-0.012
A_1h_1h,bb,rsi,ETH,2,302,233,48.5,0.08
A_1h_1h,bb,macd,ETH,2,316,258,49.6,0.015
A_1h_1h,bb,ema,ETH,2,621,481,49.1,0.006
A_1h_1h,bb,adx,ETH,2,1790,1469,52.3,-0.029
A_1h_1h,bb,vol,ETH,2,1126,925,50.9,0.004
A_1h_1h,bb,(solo),ETH,4,2475,2147,53.6,-0.023
A_1h_1h,bb,rsi,ETH,4,302,258,54.3,0.163
A_1h_1h,bb,macd,ETH,4,316,279,47.7,-0.021
A_1h_1h,bb,ema,ETH,4,621,539,52.7,0.011
A_1h_1h,bb,adx,ETH,4,1790,1569,53.0,-0.056
A_1h_1h,bb,vol,ETH,4,1126,982,53.6,-0.001
B_1h_4h,rsi,macd,ETH,1,23,18,72.2,0.532
B_1h_4h,rsi,bb,ETH,1,6,6,100.0,1.738
B_1h_4h,rsi,ema,ETH,1,88,66,48.5,0.004
B_1h_4h,rsi,adx,ETH,1,326,249,48.6,-0.008
B_1h_4h,rsi,vol,ETH,1,225,176,48.9,0.017
B_1h_4h,rsi,macd,ETH,2,23,17,76.5,0.626
B_1h_4h,rsi,bb,ETH,2,6,6,100.0,2.093
B_1h_4h,rsi,ema,ETH,2,88,73,50.7,-0.004
B_1h_4h,rsi,adx,ETH,2,326,277,49.8,-0.035
B_1h_4h,rsi,vol,ETH,2,225,193,50.3,-0.069
B_1h_4h,rsi,macd,ETH,4,23,18,77.8,0.923
B_1h_4h,rsi,bb,ETH,4,6,6,100.0,2.543
B_1h_4h,rsi,ema,ETH,4,88,74,52.7,0.03
B_1h_4h,rsi,adx,ETH,4,326,272,48.2,-0.113
B_1h_4h,rsi,vol,ETH,4,225,195,50.3,-0.112
B_1h_4h,macd,rsi,ETH,1,6370,4579,52.8,0.084
B_1h_4h,macd,bb,ETH,1,6350,4557,53.1,0.09
B_1h_4h,macd,ema,ETH,1,6535,4670,51.2,0.049
B_1h_4h,macd,adx,ETH,1,8757,6398,48.8,0.009
B_1h_4h,macd,vol,ETH,1,5040,4014,50.9,0.044
B_1h_4h,macd,rsi,ETH,2,6369,5067,52.9,0.133
B_1h_4h,macd,bb,ETH,2,6349,5052,53.4,0.145
B_1h_4h,macd,ema,ETH,2,6534,5185,51.0,0.079
B_1h_4h,macd,adx,ETH,2,8756,7078,48.9,0.01
B_1h_4h,macd,vol,ETH,2,5040,4326,50.4,0.041
B_1h_4h,macd,rsi,ETH,4,6367,5401,51.9,0.174
B_1h_4h,macd,bb,ETH,4,6347,5404,52.2,0.196
B_1h_4h,macd,ema,ETH,4,6532,5526,51.2,0.12
B_1h_4h,macd,adx,ETH,4,8754,7487,49.3,0.021
B_1h_4h,macd,vol,ETH,4,5040,4505,50.5,0.076
B_1h_4h,bb,rsi,ETH,1,695,491,59.5,0.124
B_1h_4h,bb,macd,ETH,1,758,553,55.3,0.085
B_1h_4h,bb,ema,ETH,1,940,657,54.2,0.04
B_1h_4h,bb,adx,ETH,1,1610,1205,51.0,0.004
B_1h_4h,bb,vol,ETH,1,1295,1024,49.4,-0.006
B_1h_4h,bb,rsi,ETH,2,695,547,59.8,0.197
B_1h_4h,bb,macd,ETH,2,758,610,57.4,0.138
B_1h_4h,bb,ema,ETH,2,940,742,55.0,0.062
B_1h_4h,bb,adx,ETH,2,1610,1320,52.2,-0.023
B_1h_4h,bb,vol,ETH,2,1295,1115,49.7,-0.041
B_1h_4h,bb,rsi,ETH,4,695,605,62.8,0.265
B_1h_4h,bb,macd,ETH,4,758,665,59.2,0.205
B_1h_4h,bb,ema,ETH,4,940,815,57.4,0.101
B_1h_4h,bb,adx,ETH,4,1610,1410,53.1,-0.046
B_1h_4h,bb,vol,ETH,4,1295,1162,51.7,-0.073
C_4h_4h,rsi,(solo),ETH,1,102,96,51.0,-0.045
C_4h_4h,rsi,macd,ETH,1,16,15,60.0,0.083
C_4h_4h,rsi,bb,ETH,1,1,1,100.0,2.507
C_4h_4h,rsi,ema,ETH,1,1,1,0.0,-1.244
C_4h_4h,rsi,adx,ETH,1,97,91,50.5,-0.034
C_4h_4h,rsi,vol,ETH,1,50,49,57.1,0.143
C_4h_4h,rsi,(solo),ETH,2,102,92,51.1,-0.001
C_4h_4h,rsi,macd,ETH,2,16,14,57.1,0.158
C_4h_4h,rsi,bb,ETH,2,1,1,100.0,2.92
C_4h_4h,rsi,ema,ETH,2,1,1,100.0,0.406
C_4h_4h,rsi,adx,ETH,2,97,87,50.6,-0.017
C_4h_4h,rsi,vol,ETH,2,50,44,59.1,0.147
C_4h_4h,macd,(solo),ETH,1,3280,2758,48.8,0.041
C_4h_4h,macd,rsi,ETH,1,1673,1415,46.7,0.051
C_4h_4h,macd,bb,ETH,1,1656,1407,47.1,0.061
C_4h_4h,macd,ema,ETH,1,1605,1348,48.6,0.077
C_4h_4h,macd,adx,ETH,1,2189,1853,48.4,0.025
C_4h_4h,macd,vol,ETH,1,1260,1100,48.4,0.075
C_4h_4h,macd,(solo),ETH,2,3279,2938,49.2,0.023
C_4h_4h,macd,rsi,ETH,2,1673,1515,46.1,0.017
C_4h_4h,macd,bb,ETH,2,1656,1494,46.3,0.037
C_4h_4h,macd,ema,ETH,2,1605,1441,48.2,0.081
C_4h_4h,macd,adx,ETH,2,2188,1979,49.1,0.011
C_4h_4h,macd,vol,ETH,2,1260,1134,46.2,0.015
C_4h_4h,bb,(solo),ETH,1,607,501,52.5,0.037
C_4h_4h,bb,rsi,ETH,1,67,52,51.9,0.081
C_4h_4h,bb,macd,ETH,1,59,49,61.2,0.1
C_4h_4h,bb,ema,ETH,1,160,128,53.1,-0.003
C_4h_4h,bb,adx,ETH,1,415,340,53.5,0.055
C_4h_4h,bb,vol,ETH,1,261,225,53.3,0.085
C_4h_4h,bb,(solo),ETH,2,607,546,53.1,0.009
C_4h_4h,bb,rsi,ETH,2,67,62,51.6,0.155
C_4h_4h,bb,macd,ETH,2,59,53,60.4,0.118
C_4h_4h,bb,ema,ETH,2,160,143,51.0,0.01
C_4h_4h,bb,adx,ETH,2,415,376,53.7,-0.007
C_4h_4h,bb,vol,ETH,2,261,229,52.0,0.097
A_1h_1h,rsi,(solo),XAUT,1,374,178,46.1,-0.023
A_1h_1h,rsi,macd,XAUT,1,53,25,44.0,-0.013
A_1h_1h,rsi,bb,XAUT,1,10,6,50.0,0.045
A_1h_1h,rsi,ema,XAUT,1,12,8,75.0,0.225
A_1h_1h,rsi,adx,XAUT,1,339,162,44.4,-0.033
A_1h_1h,rsi,vol,XAUT,1,213,108,42.6,-0.039
A_1h_1h,rsi,(solo),XAUT,2,374,226,47.3,-0.041
A_1h_1h,rsi,macd,XAUT,2,53,31,38.7,-0.053
A_1h_1h,rsi,bb,XAUT,2,10,5,40.0,-0.053
A_1h_1h,rsi,ema,XAUT,2,12,9,66.7,0.253
A_1h_1h,rsi,adx,XAUT,2,339,207,46.9,-0.045
A_1h_1h,rsi,vol,XAUT,2,213,134,44.0,-0.053
A_1h_1h,rsi,(solo),XAUT,4,374,258,48.8,-0.056
A_1h_1h,rsi,macd,XAUT,4,53,35,51.4,-0.071
A_1h_1h,rsi,bb,XAUT,4,10,10,50.0,-0.084
A_1h_1h,rsi,ema,XAUT,4,12,10,70.0,0.322
A_1h_1h,rsi,adx,XAUT,4,339,233,48.1,-0.054
A_1h_1h,rsi,vol,XAUT,4,213,157,44.6,-0.09
A_1h_1h,macd,(solo),XAUT,1,12146,4120,48.2,-0.004
A_1h_1h,macd,rsi,XAUT,1,6654,2347,48.4,-0.002
A_1h_1h,macd,bb,XAUT,1,6540,2321,48.3,-0.001
A_1h_1h,macd,ema,XAUT,1,6190,2132,49.8,0.001
A_1h_1h,macd,adx,XAUT,1,7866,3105,48.0,-0.004
A_1h_1h,macd,vol,XAUT,1,4455,1935,48.4,-0.004
A_1h_1h,macd,(solo),XAUT,2,12145,5466,49.0,-0.005
A_1h_1h,macd,rsi,XAUT,2,6653,3056,48.8,0.0
A_1h_1h,macd,bb,XAUT,2,6540,3025,48.9,0.003
A_1h_1h,macd,ema,XAUT,2,6189,2793,50.9,0.005
A_1h_1h,macd,adx,XAUT,2,7866,4030,49.1,-0.005
A_1h_1h,macd,vol,XAUT,2,4455,2427,48.9,-0.004
A_1h_1h,macd,(solo),XAUT,4,12143,6702,49.0,-0.002
A_1h_1h,macd,rsi,XAUT,4,6651,3714,48.8,0.011
A_1h_1h,macd,bb,XAUT,4,6540,3686,49.3,0.015
A_1h_1h,macd,ema,XAUT,4,6187,3420,51.3,0.02
A_1h_1h,macd,adx,XAUT,4,7866,4815,49.3,0.002
A_1h_1h,macd,vol,XAUT,4,4455,2834,49.4,0.007
A_1h_1h,bb,(solo),XAUT,1,2023,773,45.0,-0.019
A_1h_1h,bb,rsi,XAUT,1,283,96,36.5,-0.014
A_1h_1h,bb,macd,XAUT,1,282,92,41.3,-0.037
A_1h_1h,bb,ema,XAUT,1,529,190,41.6,-0.024
A_1h_1h,bb,adx,XAUT,1,1325,571,44.3,-0.027
A_1h_1h,bb,vol,XAUT,1,968,425,46.1,-0.014
A_1h_1h,bb,(solo),XAUT,2,2023,977,48.0,-0.029
A_1h_1h,bb,rsi,XAUT,2,283,119,44.5,-0.012
A_1h_1h,bb,macd,XAUT,2,282,102,48.0,-0.02
A_1h_1h,bb,ema,XAUT,2,529,225,50.2,-0.014
A_1h_1h,bb,adx,XAUT,2,1325,732,47.7,-0.037
A_1h_1h,bb,vol,XAUT,2,968,511,47.9,-0.018
A_1h_1h,bb,(solo),XAUT,4,2023,1231,49.2,-0.03
A_1h_1h,bb,rsi,XAUT,4,283,157,46.5,-0.017
A_1h_1h,bb,macd,XAUT,4,282,138,46.4,-0.036
A_1h_1h,bb,ema,XAUT,4,529,301,52.5,0.003
A_1h_1h,bb,adx,XAUT,4,1325,887,49.0,-0.038
A_1h_1h,bb,vol,XAUT,4,968,617,48.0,-0.021
B_1h_4h,rsi,macd,XAUT,1,34,13,76.9,0.109
B_1h_4h,rsi,bb,XAUT,1,16,12,75.0,0.241
B_1h_4h,rsi,ema,XAUT,1,60,31,71.0,0.106
B_1h_4h,rsi,adx,XAUT,1,305,151,45.7,-0.032
B_1h_4h,rsi,vol,XAUT,1,269,147,46.9,-0.035
B_1h_4h,rsi,macd,XAUT,2,34,14,64.3,0.077
B_1h_4h,rsi,bb,XAUT,2,16,14,78.6,0.319
B_1h_4h,rsi,ema,XAUT,2,60,42,73.8,0.158
B_1h_4h,rsi,adx,XAUT,2,305,187,48.1,-0.044
B_1h_4h,rsi,vol,XAUT,2,269,183,45.4,-0.059
B_1h_4h,rsi,macd,XAUT,4,34,27,70.4,0.103
B_1h_4h,rsi,bb,XAUT,4,16,16,81.2,0.356
B_1h_4h,rsi,ema,XAUT,4,60,48,66.7,0.145
B_1h_4h,rsi,adx,XAUT,4,305,212,48.6,-0.053
B_1h_4h,rsi,vol,XAUT,4,269,196,46.9,-0.066
B_1h_4h,macd,rsi,XAUT,1,6126,2098,55.4,0.021
B_1h_4h,macd,bb,XAUT,1,6083,2084,55.7,0.021
B_1h_4h,macd,ema,XAUT,1,6146,2072,52.9,0.01
B_1h_4h,macd,adx,XAUT,1,9397,3343,48.3,-0.003
B_1h_4h,macd,vol,XAUT,1,5016,2523,49.8,0.003
B_1h_4h,macd,rsi,XAUT,2,6125,2732,57.5,0.038
B_1h_4h,macd,bb,XAUT,2,6082,2730,57.8,0.038
B_1h_4h,macd,ema,XAUT,2,6145,2755,54.1,0.018
B_1h_4h,macd,adx,XAUT,2,9396,4408,48.7,-0.006
B_1h_4h,macd,vol,XAUT,2,5016,3167,50.5,0.004
B_1h_4h,macd,rsi,XAUT,4,6123,3361,56.4,0.057
B_1h_4h,macd,bb,XAUT,4,6080,3356,56.0,0.056
B_1h_4h,macd,ema,XAUT,4,6143,3345,53.3,0.027
B_1h_4h,macd,adx,XAUT,4,9394,5319,48.4,-0.005
B_1h_4h,macd,vol,XAUT,4,5016,3605,50.8,0.017
B_1h_4h,bb,rsi,XAUT,1,565,202,55.4,0.02
B_1h_4h,bb,macd,XAUT,1,675,204,52.5,0.004
B_1h_4h,bb,ema,XAUT,1,693,259,51.4,0.004
B_1h_4h,bb,adx,XAUT,1,1513,602,46.0,-0.016
B_1h_4h,bb,vol,XAUT,1,1130,561,44.7,-0.029
B_1h_4h,bb,rsi,XAUT,2,565,245,66.1,0.05
B_1h_4h,bb,macd,XAUT,2,675,278,57.9,0.021
B_1h_4h,bb,ema,XAUT,2,693,313,56.5,0.008
B_1h_4h,bb,adx,XAUT,2,1513,751,49.1,-0.026
B_1h_4h,bb,vol,XAUT,2,1130,698,45.3,-0.053
B_1h_4h,bb,rsi,XAUT,4,565,330,63.0,0.068
B_1h_4h,bb,macd,XAUT,4,675,386,57.3,0.041
B_1h_4h,bb,ema,XAUT,4,693,407,55.8,0.009
B_1h_4h,bb,adx,XAUT,4,1513,933,50.9,-0.017
B_1h_4h,bb,vol,XAUT,4,1130,803,46.9,-0.054
C_4h_4h,rsi,(solo),XAUT,1,119,76,44.7,-0.028
C_4h_4h,rsi,macd,XAUT,1,18,11,36.4,-0.063
C_4h_4h,rsi,bb,XAUT,1,4,3,33.3,-0.421
C_4h_4h,rsi,ema,XAUT,1,1,0,,0.069
C_4h_4h,rsi,adx,XAUT,1,113,72,44.4,-0.029
C_4h_4h,rsi,vol,XAUT,1,77,48,43.8,-0.031
C_4h_4h,rsi,(solo),XAUT,2,119,89,39.3,-0.086
C_4h_4h,rsi,macd,XAUT,2,18,14,21.4,-0.281
C_4h_4h,rsi,bb,XAUT,2,4,3,0.0,-1.354
C_4h_4h,rsi,ema,XAUT,2,1,1,0.0,-0.266
C_4h_4h,rsi,adx,XAUT,2,113,85,37.6,-0.086
C_4h_4h,rsi,vol,XAUT,2,77,60,40.0,-0.078
C_4h_4h,macd,(solo),XAUT,1,3036,1665,49.7,0.013
C_4h_4h,macd,rsi,XAUT,1,1537,929,52.1,0.033
C_4h_4h,macd,bb,XAUT,1,1518,942,51.4,0.031
C_4h_4h,macd,ema,XAUT,1,1520,855,51.0,0.02
C_4h_4h,macd,adx,XAUT,1,2349,1313,48.6,0.009
C_4h_4h,macd,vol,XAUT,1,1254,866,51.7,0.031
C_4h_4h,macd,(solo),XAUT,2,3035,2015,49.3,0.013
C_4h_4h,macd,rsi,XAUT,2,1537,1097,51.8,0.051
C_4h_4h,macd,bb,XAUT,2,1518,1106,50.5,0.042
C_4h_4h,macd,ema,XAUT,2,1520,1051,50.3,0.027
C_4h_4h,macd,adx,XAUT,2,2348,1578,48.7,0.006
C_4h_4h,macd,vol,XAUT,2,1254,988,51.9,0.047
C_4h_4h,bb,(solo),XAUT,1,491,288,50.0,-0.0
C_4h_4h,bb,rsi,XAUT,1,81,47,51.1,0.034
C_4h_4h,bb,macd,XAUT,1,59,32,43.8,-0.039
C_4h_4h,bb,ema,XAUT,1,119,73,45.2,-0.025
C_4h_4h,bb,adx,XAUT,1,395,232,52.2,0.017
C_4h_4h,bb,vol,XAUT,1,281,173,51.4,0.029
C_4h_4h,bb,(solo),XAUT,2,491,366,50.3,-0.018
C_4h_4h,bb,rsi,XAUT,2,81,58,41.4,-0.033
C_4h_4h,bb,macd,XAUT,2,59,43,41.9,-0.125
C_4h_4h,bb,ema,XAUT,2,119,94,48.9,-0.026
C_4h_4h,bb,adx,XAUT,2,395,296,52.7,0.024
C_4h_4h,bb,vol,XAUT,2,281,211,49.8,-0.026
A_1h_1h,rsi,(solo),SP500/USD,1,158,39,56.4,-0.005
A_1h_1h,rsi,macd,SP500/USD,1,29,7,57.1,-0.009
A_1h_1h,rsi,bb,SP500/USD,1,6,2,50.0,0.022
A_1h_1h,rsi,ema,SP500/USD,1,5,0,,0.036
A_1h_1h,rsi,adx,SP500/USD,1,145,36,58.3,-0.005
A_1h_1h,rsi,vol,SP500/USD,1,66,19,57.9,0.01
A_1h_1h,rsi,(solo),SP500/USD,2,158,63,52.4,-0.02
A_1h_1h,rsi,macd,SP500/USD,2,29,7,42.9,-0.045
A_1h_1h,rsi,bb,SP500/USD,2,6,1,100.0,-0.02
A_1h_1h,rsi,ema,SP500/USD,2,5,1,100.0,0.073
A_1h_1h,rsi,adx,SP500/USD,2,145,58,53.4,-0.016
A_1h_1h,rsi,vol,SP500/USD,2,66,32,56.2,-0.014
A_1h_1h,rsi,(solo),SP500/USD,4,158,77,49.4,-0.0
A_1h_1h,rsi,macd,SP500/USD,4,29,13,23.1,-0.106
A_1h_1h,rsi,bb,SP500/USD,4,6,5,40.0,-0.026
A_1h_1h,rsi,ema,SP500/USD,4,5,2,50.0,-0.003
A_1h_1h,rsi,adx,SP500/USD,4,145,69,49.3,-0.003
A_1h_1h,rsi,vol,SP500/USD,4,66,36,50.0,-0.015
A_1h_1h,macd,(solo),SP500/USD,1,5048,1139,49.9,-0.003
A_1h_1h,macd,rsi,SP500/USD,1,2633,658,48.6,-0.006
A_1h_1h,macd,bb,SP500/USD,1,2681,672,47.8,-0.008
A_1h_1h,macd,ema,SP500/USD,1,2496,607,48.1,-0.006
A_1h_1h,macd,adx,SP500/USD,1,3437,761,49.1,-0.003
A_1h_1h,macd,vol,SP500/USD,1,1748,582,49.3,-0.004
A_1h_1h,macd,(solo),SP500/USD,2,5047,1732,49.5,-0.003
A_1h_1h,macd,rsi,SP500/USD,2,2633,980,47.3,-0.008
A_1h_1h,macd,bb,SP500/USD,2,2681,988,47.0,-0.01
A_1h_1h,macd,ema,SP500/USD,2,2496,906,47.5,-0.009
A_1h_1h,macd,adx,SP500/USD,2,3437,1154,48.8,-0.005
A_1h_1h,macd,vol,SP500/USD,2,1747,788,49.4,-0.009
A_1h_1h,macd,(solo),SP500/USD,4,5045,2429,49.7,-0.003
A_1h_1h,macd,rsi,SP500/USD,4,2632,1345,48.5,-0.011
A_1h_1h,macd,bb,SP500/USD,4,2681,1369,48.1,-0.015
A_1h_1h,macd,ema,SP500/USD,4,2496,1247,49.6,-0.011
A_1h_1h,macd,adx,SP500/USD,4,3435,1624,48.8,-0.006
A_1h_1h,macd,vol,SP500/USD,4,1746,996,50.8,-0.003
A_1h_1h,bb,(solo),SP500/USD,1,985,287,48.8,-0.006
A_1h_1h,bb,rsi,SP500/USD,1,142,49,40.8,-0.029
A_1h_1h,bb,macd,SP500/USD,1,154,50,58.0,0.004
A_1h_1h,bb,ema,SP500/USD,1,287,88,44.3,-0.013
A_1h_1h,bb,adx,SP500/USD,1,660,181,49.2,-0.005
A_1h_1h,bb,vol,SP500/USD,1,482,175,49.1,-0.004
A_1h_1h,bb,(solo),SP500/USD,2,985,417,49.2,-0.013
A_1h_1h,bb,rsi,SP500/USD,2,142,66,42.4,-0.028
A_1h_1h,bb,macd,SP500/USD,2,154,63,55.6,0.009
A_1h_1h,bb,ema,SP500/USD,2,287,125,45.6,-0.026
A_1h_1h,bb,adx,SP500/USD,2,660,275,48.7,-0.017
A_1h_1h,bb,vol,SP500/USD,2,482,244,49.6,-0.013
A_1h_1h,bb,(solo),SP500/USD,4,985,525,49.7,-0.017
A_1h_1h,bb,rsi,SP500/USD,4,142,75,44.0,-0.06
A_1h_1h,bb,macd,SP500/USD,4,154,80,52.5,-0.021
A_1h_1h,bb,ema,SP500/USD,4,287,148,50.0,-0.039
A_1h_1h,bb,adx,SP500/USD,4,660,350,49.7,-0.023
A_1h_1h,bb,vol,SP500/USD,4,482,289,49.1,-0.029
B_1h_4h,rsi,macd,SP500/USD,1,10,5,80.0,0.068
B_1h_4h,rsi,bb,SP500/USD,1,5,4,75.0,0.104
B_1h_4h,rsi,ema,SP500/USD,1,24,5,80.0,0.042
B_1h_4h,rsi,adx,SP500/USD,1,113,30,46.7,-0.02
B_1h_4h,rsi,vol,SP500/USD,1,87,27,59.3,0.006
B_1h_4h,rsi,macd,SP500/USD,2,10,7,71.4,0.097
B_1h_4h,rsi,bb,SP500/USD,2,5,5,80.0,0.2
B_1h_4h,rsi,ema,SP500/USD,2,24,11,72.7,0.049
B_1h_4h,rsi,adx,SP500/USD,2,113,46,41.3,-0.048
B_1h_4h,rsi,vol,SP500/USD,2,87,44,54.5,-0.021
B_1h_4h,rsi,macd,SP500/USD,4,10,6,66.7,0.014
B_1h_4h,rsi,bb,SP500/USD,4,5,4,100.0,0.68
B_1h_4h,rsi,ema,SP500/USD,4,24,12,58.3,0.023
B_1h_4h,rsi,adx,SP500/USD,4,113,54,46.3,-0.006
B_1h_4h,rsi,vol,SP500/USD,4,87,48,47.9,-0.001
B_1h_4h,macd,rsi,SP500/USD,1,2431,568,57.9,0.014
B_1h_4h,macd,bb,SP500/USD,1,2410,574,57.8,0.016
B_1h_4h,macd,ema,SP500/USD,1,2474,602,54.5,0.007
B_1h_4h,macd,adx,SP500/USD,1,3336,778,48.8,-0.006
B_1h_4h,macd,vol,SP500/USD,1,1964,675,48.0,-0.006
B_1h_4h,macd,rsi,SP500/USD,2,2431,861,57.1,0.026
B_1h_4h,macd,bb,SP500/USD,2,2410,871,57.7,0.029
B_1h_4h,macd,ema,SP500/USD,2,2474,913,53.9,0.014
B_1h_4h,macd,adx,SP500/USD,2,3335,1161,48.8,-0.008
B_1h_4h,macd,vol,SP500/USD,2,1964,918,48.4,-0.01
B_1h_4h,macd,rsi,SP500/USD,4,2431,1201,56.6,0.03
B_1h_4h,macd,bb,SP500/USD,4,2410,1220,56.6,0.033
B_1h_4h,macd,ema,SP500/USD,4,2474,1236,53.6,0.015
B_1h_4h,macd,adx,SP500/USD,4,3333,1606,48.7,-0.006
B_1h_4h,macd,vol,SP500/USD,4,1964,1152,49.6,-0.01
B_1h_4h,bb,rsi,SP500/USD,1,284,79,60.8,0.027
B_1h_4h,bb,macd,SP500/USD,1,312,93,57.0,0.017
B_1h_4h,bb,ema,SP500/USD,1,371,108,55.6,0.005
B_1h_4h,bb,adx,SP500/USD,1,642,187,50.3,-0.004
B_1h_4h,bb,vol,SP500/USD,1,558,208,49.0,-0.005
B_1h_4h,bb,rsi,SP500/USD,2,284,117,64.1,0.048
B_1h_4h,bb,macd,SP500/USD,2,312,137,59.9,0.023
B_1h_4h,bb,ema,SP500/USD,2,371,160,53.1,0.009
B_1h_4h,bb,adx,SP500/USD,2,642,263,51.7,-0.009
B_1h_4h,bb,vol,SP500/USD,2,558,281,48.0,-0.02
B_1h_4h,bb,rsi,SP500/USD,4,284,140,64.3,0.047
B_1h_4h,bb,macd,SP500/USD,4,312,168,55.4,0.016
B_1h_4h,bb,ema,SP500/USD,4,371,183,56.8,0.01
B_1h_4h,bb,adx,SP500/USD,4,642,329,51.4,-0.012
B_1h_4h,bb,vol,SP500/USD,4,558,337,46.9,-0.043
C_4h_4h,rsi,(solo),SP500/USD,1,45,15,46.7,0.002
C_4h_4h,rsi,macd,SP500/USD,1,13,4,25.0,-0.04
C_4h_4h,rsi,bb,SP500/USD,1,3,2,0.0,-0.213
C_4h_4h,rsi,ema,SP500/USD,1,0,0,,
C_4h_4h,rsi,adx,SP500/USD,1,44,14,50.0,0.01
C_4h_4h,rsi,vol,SP500/USD,1,21,7,28.6,-0.058
C_4h_4h,rsi,(solo),SP500/USD,2,45,21,52.4,0.003
C_4h_4h,rsi,macd,SP500/USD,2,13,5,40.0,-0.116
C_4h_4h,rsi,bb,SP500/USD,2,3,2,0.0,-0.366
C_4h_4h,rsi,ema,SP500/USD,2,0,0,,
C_4h_4h,rsi,adx,SP500/USD,2,44,20,55.0,0.016
C_4h_4h,rsi,vol,SP500/USD,2,21,8,25.0,-0.112
C_4h_4h,macd,(solo),SP500/USD,1,1307,638,50.9,-0.001
C_4h_4h,macd,rsi,SP500/USD,1,697,351,50.7,-0.009
C_4h_4h,macd,bb,SP500/USD,1,724,368,50.3,-0.01
C_4h_4h,macd,ema,SP500/USD,1,665,338,49.4,-0.009
C_4h_4h,macd,adx,SP500/USD,1,866,413,49.9,-0.004
C_4h_4h,macd,vol,SP500/USD,1,494,278,51.1,-0.004
C_4h_4h,macd,(solo),SP500/USD,2,1306,822,50.6,-0.003
C_4h_4h,macd,rsi,SP500/USD,2,697,445,50.3,-0.008
C_4h_4h,macd,bb,SP500/USD,2,724,457,49.0,-0.018
C_4h_4h,macd,ema,SP500/USD,2,665,421,47.3,-0.021
C_4h_4h,macd,adx,SP500/USD,2,865,533,49.7,-0.006
C_4h_4h,macd,vol,SP500/USD,2,494,324,50.9,0.001
C_4h_4h,bb,(solo),SP500/USD,1,214,103,49.5,-0.002
C_4h_4h,bb,rsi,SP500/USD,1,22,11,45.5,-0.01
C_4h_4h,bb,macd,SP500/USD,1,15,5,60.0,-0.006
C_4h_4h,bb,ema,SP500/USD,1,57,27,55.6,0.049
C_4h_4h,bb,adx,SP500/USD,1,158,73,52.1,0.019
C_4h_4h,bb,vol,SP500/USD,1,87,46,43.5,-0.034
C_4h_4h,bb,(solo),SP500/USD,2,214,134,47.8,0.001
C_4h_4h,bb,rsi,SP500/USD,2,22,15,46.7,0.007
C_4h_4h,bb,macd,SP500/USD,2,15,10,40.0,-0.042
C_4h_4h,bb,ema,SP500/USD,2,57,39,48.7,0.031
C_4h_4h,bb,adx,SP500/USD,2,158,96,53.1,0.036
C_4h_4h,bb,vol,SP500/USD,2,87,52,38.5,-0.077
A_1h_1h,rsi,(solo),NASDAQ100/USD,1,180,68,51.5,0.006
A_1h_1h,rsi,macd,NASDAQ100/USD,1,41,16,50.0,0.025
A_1h_1h,rsi,bb,NASDAQ100/USD,1,6,4,75.0,0.146
A_1h_1h,rsi,ema,NASDAQ100/USD,1,7,4,50.0,0.015
A_1h_1h,rsi,adx,NASDAQ100/USD,1,170,64,51.6,0.005
A_1h_1h,rsi,vol,NASDAQ100/USD,1,87,41,63.4,0.053
A_1h_1h,rsi,(solo),NASDAQ100/USD,2,180,96,47.9,-0.011
A_1h_1h,rsi,macd,NASDAQ100/USD,2,41,18,44.4,-0.013
A_1h_1h,rsi,bb,NASDAQ100/USD,2,6,3,33.3,0.045
A_1h_1h,rsi,ema,NASDAQ100/USD,2,7,2,100.0,0.032
A_1h_1h,rsi,adx,NASDAQ100/USD,2,170,92,48.9,-0.007
A_1h_1h,rsi,vol,NASDAQ100/USD,2,87,52,53.8,0.014
A_1h_1h,rsi,(solo),NASDAQ100/USD,4,180,120,50.0,0.001
A_1h_1h,rsi,macd,NASDAQ100/USD,4,41,29,41.4,-0.049
A_1h_1h,rsi,bb,NASDAQ100/USD,4,6,5,80.0,0.143
A_1h_1h,rsi,ema,NASDAQ100/USD,4,7,4,100.0,0.121
A_1h_1h,rsi,adx,NASDAQ100/USD,4,170,115,50.4,0.006
A_1h_1h,rsi,vol,NASDAQ100/USD,4,87,60,46.7,-0.047
A_1h_1h,macd,(solo),NASDAQ100/USD,1,5048,1759,50.0,0.002
A_1h_1h,macd,rsi,NASDAQ100/USD,1,2601,976,51.4,0.004
A_1h_1h,macd,bb,NASDAQ100/USD,1,2630,994,50.8,0.001
A_1h_1h,macd,ema,NASDAQ100/USD,1,2459,888,48.9,-0.001
A_1h_1h,macd,adx,NASDAQ100/USD,1,3537,1291,50.2,0.003
A_1h_1h,macd,vol,NASDAQ100/USD,1,1737,827,48.5,-0.0
A_1h_1h,macd,(solo),NASDAQ100/USD,2,5047,2478,50.0,0.003
A_1h_1h,macd,rsi,NASDAQ100/USD,2,2601,1345,50.9,0.005
A_1h_1h,macd,bb,NASDAQ100/USD,2,2630,1370,50.0,0.0
A_1h_1h,macd,ema,NASDAQ100/USD,2,2459,1236,50.0,-0.004
A_1h_1h,macd,adx,NASDAQ100/USD,2,3536,1813,50.1,0.001
A_1h_1h,macd,vol,NASDAQ100/USD,2,1737,1054,49.5,-0.001
A_1h_1h,macd,(solo),NASDAQ100/USD,4,5045,3153,50.9,0.005
A_1h_1h,macd,rsi,NASDAQ100/USD,4,2601,1661,51.7,0.009
A_1h_1h,macd,bb,NASDAQ100/USD,4,2630,1694,50.5,-0.002
A_1h_1h,macd,ema,NASDAQ100/USD,4,2459,1543,50.3,-0.009
A_1h_1h,macd,adx,NASDAQ100/USD,4,3534,2279,50.8,0.003
A_1h_1h,macd,vol,NASDAQ100/USD,4,1736,1185,47.8,-0.019
A_1h_1h,bb,(solo),NASDAQ100/USD,1,967,393,48.1,-0.002
A_1h_1h,bb,rsi,NASDAQ100/USD,1,141,67,50.7,0.03
A_1h_1h,bb,macd,NASDAQ100/USD,1,142,73,56.2,0.03
A_1h_1h,bb,ema,NASDAQ100/USD,1,278,108,44.4,-0.008
A_1h_1h,bb,adx,NASDAQ100/USD,1,675,274,50.7,0.009
A_1h_1h,bb,vol,NASDAQ100/USD,1,515,239,47.3,-0.001
A_1h_1h,bb,(solo),NASDAQ100/USD,2,967,535,48.4,-0.015
A_1h_1h,bb,rsi,NASDAQ100/USD,2,141,84,51.2,0.018
A_1h_1h,bb,macd,NASDAQ100/USD,2,142,85,50.6,0.019
A_1h_1h,bb,ema,NASDAQ100/USD,2,278,161,47.8,-0.027
A_1h_1h,bb,adx,NASDAQ100/USD,2,675,373,51.7,0.003
A_1h_1h,bb,vol,NASDAQ100/USD,2,515,314,46.8,-0.019
A_1h_1h,bb,(solo),NASDAQ100/USD,4,967,608,48.7,-0.032
A_1h_1h,bb,rsi,NASDAQ100/USD,4,141,90,47.8,-0.019
A_1h_1h,bb,macd,NASDAQ100/USD,4,142,94,53.2,0.01
A_1h_1h,bb,ema,NASDAQ100/USD,4,278,172,50.0,-0.044
A_1h_1h,bb,adx,NASDAQ100/USD,4,675,430,49.5,-0.015
A_1h_1h,bb,vol,NASDAQ100/USD,4,515,332,47.0,-0.043
B_1h_4h,rsi,macd,NASDAQ100/USD,1,13,7,57.1,0.097
B_1h_4h,rsi,bb,NASDAQ100/USD,1,6,2,100.0,0.157
B_1h_4h,rsi,ema,NASDAQ100/USD,1,36,11,63.6,0.03
B_1h_4h,rsi,adx,NASDAQ100/USD,1,129,50,50.0,0.004
B_1h_4h,rsi,vol,NASDAQ100/USD,1,94,47,53.2,0.025
B_1h_4h,rsi,macd,NASDAQ100/USD,2,13,8,62.5,0.124
B_1h_4h,rsi,bb,NASDAQ100/USD,2,6,4,100.0,0.353
B_1h_4h,rsi,ema,NASDAQ100/USD,2,36,18,61.1,0.05
B_1h_4h,rsi,adx,NASDAQ100/USD,2,129,70,45.7,-0.018
B_1h_4h,rsi,vol,NASDAQ100/USD,2,94,62,45.2,-0.022
B_1h_4h,rsi,macd,NASDAQ100/USD,4,13,8,62.5,0.054
B_1h_4h,rsi,bb,NASDAQ100/USD,4,6,5,100.0,0.329
B_1h_4h,rsi,ema,NASDAQ100/USD,4,36,23,60.9,0.078
B_1h_4h,rsi,adx,NASDAQ100/USD,4,129,91,48.4,-0.005
B_1h_4h,rsi,vol,NASDAQ100/USD,4,94,67,46.3,-0.026
B_1h_4h,macd,rsi,NASDAQ100/USD,1,2438,892,57.1,0.03
B_1h_4h,macd,bb,NASDAQ100/USD,1,2375,866,58.1,0.032
B_1h_4h,macd,ema,NASDAQ100/USD,1,2508,906,54.3,0.021
B_1h_4h,macd,adx,NASDAQ100/USD,1,3349,1227,49.1,0.0
B_1h_4h,macd,vol,NASDAQ100/USD,1,1900,947,50.6,0.007
B_1h_4h,macd,rsi,NASDAQ100/USD,2,2438,1230,58.0,0.05
B_1h_4h,macd,bb,NASDAQ100/USD,2,2375,1204,58.8,0.052
B_1h_4h,macd,ema,NASDAQ100/USD,2,2508,1264,55.3,0.035
B_1h_4h,macd,adx,NASDAQ100/USD,2,3348,1672,49.0,0.001
B_1h_4h,macd,vol,NASDAQ100/USD,2,1900,1211,49.8,0.005
B_1h_4h,macd,rsi,NASDAQ100/USD,4,2438,1535,56.5,0.058
B_1h_4h,macd,bb,NASDAQ100/USD,4,2375,1496,57.4,0.063
B_1h_4h,macd,ema,NASDAQ100/USD,4,2508,1594,54.3,0.04
B_1h_4h,macd,adx,NASDAQ100/USD,4,3346,2116,49.9,0.009
B_1h_4h,macd,vol,NASDAQ100/USD,4,1900,1381,50.4,0.01
B_1h_4h,bb,rsi,NASDAQ100/USD,1,278,105,61.9,0.055
B_1h_4h,bb,macd,NASDAQ100/USD,1,307,116,54.3,0.033
B_1h_4h,bb,ema,NASDAQ100/USD,1,365,144,50.0,0.018
B_1h_4h,bb,adx,NASDAQ100/USD,1,648,277,47.3,-0.004
B_1h_4h,bb,vol,NASDAQ100/USD,1,538,282,46.8,-0.003
B_1h_4h,bb,rsi,NASDAQ100/USD,2,278,156,62.8,0.07
B_1h_4h,bb,macd,NASDAQ100/USD,2,307,168,54.2,0.022
B_1h_4h,bb,ema,NASDAQ100/USD,2,365,201,53.7,0.024
B_1h_4h,bb,adx,NASDAQ100/USD,2,648,364,48.9,-0.019
B_1h_4h,bb,vol,NASDAQ100/USD,2,538,354,45.5,-0.031
B_1h_4h,bb,rsi,NASDAQ100/USD,4,278,177,61.6,0.059
B_1h_4h,bb,macd,NASDAQ100/USD,4,307,189,52.4,0.005
B_1h_4h,bb,ema,NASDAQ100/USD,4,365,220,54.1,0.01
B_1h_4h,bb,adx,NASDAQ100/USD,4,648,413,47.5,-0.048
B_1h_4h,bb,vol,NASDAQ100/USD,4,538,380,46.1,-0.064
C_4h_4h,rsi,(solo),NASDAQ100/USD,1,45,24,41.7,-0.06
C_4h_4h,rsi,macd,NASDAQ100/USD,1,10,7,28.6,-0.133
C_4h_4h,rsi,bb,NASDAQ100/USD,1,2,2,0.0,-0.401
C_4h_4h,rsi,ema,NASDAQ100/USD,1,0,0,,
C_4h_4h,rsi,adx,NASDAQ100/USD,1,42,22,40.9,-0.061
C_4h_4h,rsi,vol,NASDAQ100/USD,1,17,12,25.0,-0.178
C_4h_4h,rsi,(solo),NASDAQ100/USD,2,45,28,50.0,0.016
C_4h_4h,rsi,macd,NASDAQ100/USD,2,10,7,28.6,-0.097
C_4h_4h,rsi,bb,NASDAQ100/USD,2,2,2,0.0,-0.811
C_4h_4h,rsi,ema,NASDAQ100/USD,2,0,0,,
C_4h_4h,rsi,adx,NASDAQ100/USD,2,42,26,50.0,0.03
C_4h_4h,rsi,vol,NASDAQ100/USD,2,17,12,33.3,-0.068
C_4h_4h,macd,(solo),NASDAQ100/USD,1,1306,796,51.9,0.002
C_4h_4h,macd,rsi,NASDAQ100/USD,1,695,442,49.8,-0.013
C_4h_4h,macd,bb,NASDAQ100/USD,1,709,453,50.8,-0.007
C_4h_4h,macd,ema,NASDAQ100/USD,1,652,407,49.9,-0.012
C_4h_4h,macd,adx,NASDAQ100/USD,1,865,533,51.8,-0.003
C_4h_4h,macd,vol,NASDAQ100/USD,1,476,325,53.2,0.029
C_4h_4h,macd,(solo),NASDAQ100/USD,2,1305,955,51.4,0.005
C_4h_4h,macd,rsi,NASDAQ100/USD,2,694,531,51.0,-0.011
C_4h_4h,macd,bb,NASDAQ100/USD,2,708,548,51.3,-0.007
C_4h_4h,macd,ema,NASDAQ100/USD,2,651,494,50.8,-0.02
C_4h_4h,macd,adx,NASDAQ100/USD,2,864,619,51.7,0.002
C_4h_4h,macd,vol,NASDAQ100/USD,2,476,364,54.4,0.049
C_4h_4h,bb,(solo),NASDAQ100/USD,1,230,150,48.0,-0.029
C_4h_4h,bb,rsi,NASDAQ100/USD,1,18,13,23.1,-0.244
C_4h_4h,bb,macd,NASDAQ100/USD,1,20,13,30.8,-0.069
C_4h_4h,bb,ema,NASDAQ100/USD,1,49,33,42.4,-0.087
C_4h_4h,bb,adx,NASDAQ100/USD,1,172,113,48.7,-0.019
C_4h_4h,bb,vol,NASDAQ100/USD,1,93,67,46.3,-0.051
C_4h_4h,bb,(solo),NASDAQ100/USD,2,230,174,48.3,-0.039
C_4h_4h,bb,rsi,NASDAQ100/USD,2,18,13,15.4,-0.425
C_4h_4h,bb,macd,NASDAQ100/USD,2,20,15,40.0,-0.031
C_4h_4h,bb,ema,NASDAQ100/USD,2,49,36,41.7,-0.19
C_4h_4h,bb,adx,NASDAQ100/USD,2,172,127,48.8,-0.025
C_4h_4h,bb,vol,NASDAQ100/USD,2,93,70,47.1,-0.048
A_1h_1h,rsi,(solo),OIL_BRENT/USD,1,122,91,45.1,-0.106
A_1h_1h,rsi,macd,OIL_BRENT/USD,1,19,14,50.0,-0.191
A_1h_1h,rsi,bb,OIL_BRENT/USD,1,1,1,0.0,-0.58
A_1h_1h,rsi,ema,OIL_BRENT/USD,1,3,3,66.7,0.145
A_1h_1h,rsi,adx,OIL_BRENT/USD,1,118,87,44.8,-0.099
A_1h_1h,rsi,vol,OIL_BRENT/USD,1,70,54,46.3,-0.091
A_1h_1h,rsi,(solo),OIL_BRENT/USD,2,122,101,50.5,-0.081
A_1h_1h,rsi,macd,OIL_BRENT/USD,2,19,15,46.7,-0.137
A_1h_1h,rsi,bb,OIL_BRENT/USD,2,1,1,0.0,-0.533
A_1h_1h,rsi,ema,OIL_BRENT/USD,2,3,0,,0.051
A_1h_1h,rsi,adx,OIL_BRENT/USD,2,118,97,51.5,-0.052
A_1h_1h,rsi,vol,OIL_BRENT/USD,2,70,62,48.4,-0.139
A_1h_1h,rsi,(solo),OIL_BRENT/USD,4,122,104,51.9,-0.103
A_1h_1h,rsi,macd,OIL_BRENT/USD,4,19,15,66.7,0.178
A_1h_1h,rsi,bb,OIL_BRENT/USD,4,1,1,0.0,-1.208
A_1h_1h,rsi,ema,OIL_BRENT/USD,4,3,1,100.0,0.144
A_1h_1h,rsi,adx,OIL_BRENT/USD,4,118,100,52.0,-0.112
A_1h_1h,rsi,vol,OIL_BRENT/USD,4,70,59,47.5,-0.263
A_1h_1h,macd,(solo),OIL_BRENT/USD,1,3349,2314,48.5,-0.026
A_1h_1h,macd,rsi,OIL_BRENT/USD,1,1723,1197,48.5,-0.016
A_1h_1h,macd,bb,OIL_BRENT/USD,1,1747,1212,48.0,-0.021
A_1h_1h,macd,ema,OIL_BRENT/USD,1,1670,1154,49.7,-0.018
A_1h_1h,macd,adx,OIL_BRENT/USD,1,2409,1717,48.7,-0.019
A_1h_1h,macd,vol,OIL_BRENT/USD,1,1275,951,46.7,-0.017
A_1h_1h,macd,(solo),OIL_BRENT/USD,2,3348,2612,47.7,-0.049
A_1h_1h,macd,rsi,OIL_BRENT/USD,2,1723,1346,48.0,-0.031
A_1h_1h,macd,bb,OIL_BRENT/USD,2,1747,1376,47.5,-0.029
A_1h_1h,macd,ema,OIL_BRENT/USD,2,1669,1290,48.8,-0.034
A_1h_1h,macd,adx,OIL_BRENT/USD,2,2409,1923,47.2,-0.046
A_1h_1h,macd,vol,OIL_BRENT/USD,2,1275,1054,46.0,-0.052
A_1h_1h,macd,(solo),OIL_BRENT/USD,4,3346,2850,47.0,-0.074
A_1h_1h,macd,rsi,OIL_BRENT/USD,4,1721,1462,48.2,-0.033
A_1h_1h,macd,bb,OIL_BRENT/USD,4,1745,1492,48.0,-0.027
A_1h_1h,macd,ema,OIL_BRENT/USD,4,1669,1418,48.8,-0.049
A_1h_1h,macd,adx,OIL_BRENT/USD,4,2409,2085,46.5,-0.062
A_1h_1h,macd,vol,OIL_BRENT/USD,4,1274,1109,46.7,-0.054
A_1h_1h,bb,(solo),OIL_BRENT/USD,1,611,451,52.3,0.034
A_1h_1h,bb,rsi,OIL_BRENT/USD,1,68,56,39.3,-0.033
A_1h_1h,bb,macd,OIL_BRENT/USD,1,76,53,50.9,0.055
A_1h_1h,bb,ema,OIL_BRENT/USD,1,173,127,56.7,0.083
A_1h_1h,bb,adx,OIL_BRENT/USD,1,458,339,52.5,0.034
A_1h_1h,bb,vol,OIL_BRENT/USD,1,317,245,48.6,0.033
A_1h_1h,bb,(solo),OIL_BRENT/USD,2,611,488,54.1,0.053
A_1h_1h,bb,rsi,OIL_BRENT/USD,2,68,58,44.8,-0.027
A_1h_1h,bb,macd,OIL_BRENT/USD,2,76,63,57.1,0.188
A_1h_1h,bb,ema,OIL_BRENT/USD,2,173,135,59.3,0.088
A_1h_1h,bb,adx,OIL_BRENT/USD,2,458,370,54.3,0.049
A_1h_1h,bb,vol,OIL_BRENT/USD,2,317,264,51.1,0.06
A_1h_1h,bb,(solo),OIL_BRENT/USD,4,610,520,51.2,0.009
A_1h_1h,bb,rsi,OIL_BRENT/USD,4,68,59,52.5,0.135
A_1h_1h,bb,macd,OIL_BRENT/USD,4,76,66,59.1,0.126
A_1h_1h,bb,ema,OIL_BRENT/USD,4,172,147,54.4,0.081
A_1h_1h,bb,adx,OIL_BRENT/USD,4,458,396,52.3,0.003
A_1h_1h,bb,vol,OIL_BRENT/USD,4,317,277,50.2,-0.057
B_1h_4h,rsi,macd,OIL_BRENT/USD,1,8,6,50.0,0.164
B_1h_4h,rsi,bb,OIL_BRENT/USD,1,2,2,100.0,0.979
B_1h_4h,rsi,ema,OIL_BRENT/USD,1,26,19,52.6,0.017
B_1h_4h,rsi,adx,OIL_BRENT/USD,1,92,74,48.6,-0.083
B_1h_4h,rsi,vol,OIL_BRENT/USD,1,82,63,41.3,-0.132
B_1h_4h,rsi,macd,OIL_BRENT/USD,2,8,7,14.3,0.235
B_1h_4h,rsi,bb,OIL_BRENT/USD,2,2,1,100.0,3.144
B_1h_4h,rsi,ema,OIL_BRENT/USD,2,26,22,68.2,0.306
B_1h_4h,rsi,adx,OIL_BRENT/USD,2,92,78,53.8,-0.072
B_1h_4h,rsi,vol,OIL_BRENT/USD,2,82,69,47.8,-0.122
B_1h_4h,rsi,macd,OIL_BRENT/USD,4,8,7,28.6,0.268
B_1h_4h,rsi,bb,OIL_BRENT/USD,4,2,2,100.0,3.682
B_1h_4h,rsi,ema,OIL_BRENT/USD,4,26,23,60.9,-0.072
B_1h_4h,rsi,adx,OIL_BRENT/USD,4,92,79,54.4,-0.104
B_1h_4h,rsi,vol,OIL_BRENT/USD,4,82,70,50.0,-0.229
B_1h_4h,macd,rsi,OIL_BRENT/USD,1,1607,1120,53.6,0.052
B_1h_4h,macd,bb,OIL_BRENT/USD,1,1575,1085,53.5,0.049
B_1h_4h,macd,ema,OIL_BRENT/USD,1,1663,1161,51.7,0.006
B_1h_4h,macd,adx,OIL_BRENT/USD,1,2313,1592,48.8,-0.023
B_1h_4h,macd,vol,OIL_BRENT/USD,1,1321,997,48.8,0.001
B_1h_4h,macd,rsi,OIL_BRENT/USD,2,1606,1242,53.6,0.083
B_1h_4h,macd,bb,OIL_BRENT/USD,2,1574,1226,53.1,0.077
B_1h_4h,macd,ema,OIL_BRENT/USD,2,1662,1298,51.2,0.006
B_1h_4h,macd,adx,OIL_BRENT/USD,2,2312,1793,47.5,-0.049
B_1h_4h,macd,vol,OIL_BRENT/USD,2,1321,1105,47.3,-0.037
B_1h_4h,macd,rsi,OIL_BRENT/USD,4,1606,1364,53.3,0.109
B_1h_4h,macd,bb,OIL_BRENT/USD,4,1574,1339,52.5,0.096
B_1h_4h,macd,ema,OIL_BRENT/USD,4,1662,1423,50.3,-0.008
B_1h_4h,macd,adx,OIL_BRENT/USD,4,2310,1963,46.1,-0.063
B_1h_4h,macd,vol,OIL_BRENT/USD,4,1321,1175,47.0,-0.014
B_1h_4h,bb,rsi,OIL_BRENT/USD,1,184,138,65.2,0.19
B_1h_4h,bb,macd,OIL_BRENT/USD,1,174,134,56.0,0.073
B_1h_4h,bb,ema,OIL_BRENT/USD,1,257,192,55.7,0.088
B_1h_4h,bb,adx,OIL_BRENT/USD,1,427,314,51.9,0.015
B_1h_4h,bb,vol,OIL_BRENT/USD,1,342,259,48.3,0.007
B_1h_4h,bb,rsi,OIL_BRENT/USD,2,184,146,68.5,0.31
B_1h_4h,bb,macd,OIL_BRENT/USD,2,174,138,55.8,0.177
B_1h_4h,bb,ema,OIL_BRENT/USD,2,257,202,60.4,0.147
B_1h_4h,bb,adx,OIL_BRENT/USD,2,427,342,52.9,0.031
B_1h_4h,bb,vol,OIL_BRENT/USD,2,342,285,50.5,-0.02
B_1h_4h,bb,rsi,OIL_BRENT/USD,4,183,159,61.6,0.307
B_1h_4h,bb,macd,OIL_BRENT/USD,4,174,144,53.5,0.197
B_1h_4h,bb,ema,OIL_BRENT/USD,4,256,222,54.5,0.116
B_1h_4h,bb,adx,OIL_BRENT/USD,4,426,357,51.0,-0.01
B_1h_4h,bb,vol,OIL_BRENT/USD,4,342,303,47.5,-0.156
C_4h_4h,rsi,(solo),OIL_BRENT/USD,1,31,27,55.6,0.2
C_4h_4h,rsi,macd,OIL_BRENT/USD,1,7,7,42.9,0.176
C_4h_4h,rsi,bb,OIL_BRENT/USD,1,0,0,,
C_4h_4h,rsi,ema,OIL_BRENT/USD,1,1,1,100.0,0.472
C_4h_4h,rsi,adx,OIL_BRENT/USD,1,30,26,53.8,0.122
C_4h_4h,rsi,vol,OIL_BRENT/USD,1,20,18,55.6,0.249
C_4h_4h,rsi,(solo),OIL_BRENT/USD,2,31,30,53.3,0.387
C_4h_4h,rsi,macd,OIL_BRENT/USD,2,7,7,42.9,0.285
C_4h_4h,rsi,bb,OIL_BRENT/USD,2,0,0,,
C_4h_4h,rsi,ema,OIL_BRENT/USD,2,1,1,100.0,0.996
C_4h_4h,rsi,adx,OIL_BRENT/USD,2,30,29,51.7,0.236
C_4h_4h,rsi,vol,OIL_BRENT/USD,2,20,20,50.0,0.428
C_4h_4h,macd,(solo),OIL_BRENT/USD,1,868,734,49.2,0.031
C_4h_4h,macd,rsi,OIL_BRENT/USD,1,452,374,52.1,0.035
C_4h_4h,macd,bb,OIL_BRENT/USD,1,435,365,51.2,0.011
C_4h_4h,macd,ema,OIL_BRENT/USD,1,407,340,52.4,0.054
C_4h_4h,macd,adx,OIL_BRENT/USD,1,592,502,47.2,-0.049
C_4h_4h,macd,vol,OIL_BRENT/USD,1,333,293,49.5,0.037
C_4h_4h,macd,(solo),OIL_BRENT/USD,2,867,782,52.6,0.105
C_4h_4h,macd,rsi,OIL_BRENT/USD,2,452,403,56.3,0.137
C_4h_4h,macd,bb,OIL_BRENT/USD,2,435,390,56.2,0.071
C_4h_4h,macd,ema,OIL_BRENT/USD,2,407,368,55.2,0.168
C_4h_4h,macd,adx,OIL_BRENT/USD,2,591,529,51.6,-0.007
C_4h_4h,macd,vol,OIL_BRENT/USD,2,333,304,50.3,-0.006
C_4h_4h,bb,(solo),OIL_BRENT/USD,1,143,122,41.8,-0.132
C_4h_4h,bb,rsi,OIL_BRENT/USD,1,12,10,50.0,-0.127
C_4h_4h,bb,macd,OIL_BRENT/USD,1,8,6,16.7,-0.379
C_4h_4h,bb,ema,OIL_BRENT/USD,1,42,36,38.9,-0.24
C_4h_4h,bb,adx,OIL_BRENT/USD,1,113,97,41.2,-0.101
C_4h_4h,bb,vol,OIL_BRENT/USD,1,74,64,43.8,-0.052
C_4h_4h,bb,(solo),OIL_BRENT/USD,2,143,121,39.7,-0.051
C_4h_4h,bb,rsi,OIL_BRENT/USD,2,12,8,62.5,0.123
C_4h_4h,bb,macd,OIL_BRENT/USD,2,8,5,20.0,-0.379
C_4h_4h,bb,ema,OIL_BRENT/USD,2,42,39,43.6,0.005
C_4h_4h,bb,adx,OIL_BRENT/USD,2,113,97,41.2,0.014
C_4h_4h,bb,vol,OIL_BRENT/USD,2,74,60,43.3,0.027
A_1h_1h,rsi,(solo),SILVER/USD,1,155,100,46.0,-0.057
A_1h_1h,rsi,macd,SILVER/USD,1,17,6,16.7,-0.043
A_1h_1h,rsi,bb,SILVER/USD,1,6,2,0.0,-0.177
A_1h_1h,rsi,ema,SILVER/USD,1,8,6,50.0,0.349
A_1h_1h,rsi,adx,SILVER/USD,1,147,93,46.2,-0.055
A_1h_1h,rsi,vol,SILVER/USD,1,99,66,48.5,-0.023
A_1h_1h,rsi,(solo),SILVER/USD,2,155,124,47.6,-0.06
A_1h_1h,rsi,macd,SILVER/USD,2,17,12,66.7,0.153
A_1h_1h,rsi,bb,SILVER/USD,2,6,4,50.0,0.048
A_1h_1h,rsi,ema,SILVER/USD,2,8,8,50.0,0.531
A_1h_1h,rsi,adx,SILVER/USD,2,147,117,46.2,-0.082
A_1h_1h,rsi,vol,SILVER/USD,2,99,83,49.4,-0.035
A_1h_1h,rsi,(solo),SILVER/USD,4,155,123,52.8,0.028
A_1h_1h,rsi,macd,SILVER/USD,4,17,10,60.0,0.176
A_1h_1h,rsi,bb,SILVER/USD,4,6,5,60.0,0.027
A_1h_1h,rsi,ema,SILVER/USD,4,8,8,50.0,0.596
A_1h_1h,rsi,adx,SILVER/USD,4,147,116,51.7,0.011
A_1h_1h,rsi,vol,SILVER/USD,4,99,79,55.7,0.147
A_1h_1h,macd,(solo),SILVER/USD,1,4453,2537,47.9,-0.011
A_1h_1h,macd,rsi,SILVER/USD,1,2333,1333,47.4,-0.011
A_1h_1h,macd,bb,SILVER/USD,1,2263,1330,47.7,-0.008
A_1h_1h,macd,ema,SILVER/USD,1,2231,1242,48.3,-0.002
A_1h_1h,macd,adx,SILVER/USD,1,3238,2062,48.2,-0.012
A_1h_1h,macd,vol,SILVER/USD,1,1722,1166,47.7,-0.015
A_1h_1h,macd,(solo),SILVER/USD,2,4452,2889,48.9,-0.014
A_1h_1h,macd,rsi,SILVER/USD,2,2333,1505,48.6,-0.009
A_1h_1h,macd,bb,SILVER/USD,2,2263,1507,49.0,-0.004
A_1h_1h,macd,ema,SILVER/USD,2,2230,1403,48.3,0.004
A_1h_1h,macd,adx,SILVER/USD,2,3237,2339,49.0,-0.013
A_1h_1h,macd,vol,SILVER/USD,2,1722,1295,48.6,-0.019
A_1h_1h,macd,(solo),SILVER/USD,4,4450,3146,49.3,-0.012
A_1h_1h,macd,rsi,SILVER/USD,4,2333,1652,49.2,-0.005
A_1h_1h,macd,bb,SILVER/USD,4,2263,1644,49.7,0.003
A_1h_1h,macd,ema,SILVER/USD,4,2228,1549,49.6,0.029
A_1h_1h,macd,adx,SILVER/USD,4,3235,2503,49.8,-0.004
A_1h_1h,macd,vol,SILVER/USD,4,1722,1367,50.4,0.034
A_1h_1h,bb,(solo),SILVER/USD,1,902,523,47.4,-0.055
A_1h_1h,bb,rsi,SILVER/USD,1,174,93,46.2,-0.068
A_1h_1h,bb,macd,SILVER/USD,1,144,65,49.2,-0.034
A_1h_1h,bb,ema,SILVER/USD,1,256,140,47.9,-0.007
A_1h_1h,bb,adx,SILVER/USD,1,662,428,47.9,-0.059
A_1h_1h,bb,vol,SILVER/USD,1,468,302,45.7,-0.085
A_1h_1h,bb,(solo),SILVER/USD,2,902,612,46.9,-0.084
A_1h_1h,bb,rsi,SILVER/USD,2,174,104,44.2,-0.149
A_1h_1h,bb,macd,SILVER/USD,2,144,79,57.0,-0.014
A_1h_1h,bb,ema,SILVER/USD,2,256,166,44.0,-0.021
A_1h_1h,bb,adx,SILVER/USD,2,662,509,47.3,-0.101
A_1h_1h,bb,vol,SILVER/USD,2,468,343,45.5,-0.129
A_1h_1h,bb,(solo),SILVER/USD,4,902,660,49.5,-0.078
A_1h_1h,bb,rsi,SILVER/USD,4,174,110,43.6,-0.254
A_1h_1h,bb,macd,SILVER/USD,4,144,85,48.2,-0.162
A_1h_1h,bb,ema,SILVER/USD,4,256,182,48.9,0.001
A_1h_1h,bb,adx,SILVER/USD,4,662,536,50.0,-0.081
A_1h_1h,bb,vol,SILVER/USD,4,468,359,47.4,-0.11
B_1h_4h,rsi,macd,SILVER/USD,1,16,9,55.6,-0.117
B_1h_4h,rsi,bb,SILVER/USD,1,10,9,66.7,0.423
B_1h_4h,rsi,ema,SILVER/USD,1,22,13,69.2,0.27
B_1h_4h,rsi,adx,SILVER/USD,1,131,83,44.6,-0.069
B_1h_4h,rsi,vol,SILVER/USD,1,103,72,44.4,-0.065
B_1h_4h,rsi,macd,SILVER/USD,2,16,13,61.5,0.024
B_1h_4h,rsi,bb,SILVER/USD,2,10,10,80.0,0.866
B_1h_4h,rsi,ema,SILVER/USD,2,22,20,60.0,0.378
B_1h_4h,rsi,adx,SILVER/USD,2,131,104,49.0,-0.064
B_1h_4h,rsi,vol,SILVER/USD,2,103,87,48.3,-0.067
B_1h_4h,rsi,macd,SILVER/USD,4,16,13,69.2,0.659
B_1h_4h,rsi,bb,SILVER/USD,4,10,9,77.8,1.153
B_1h_4h,rsi,ema,SILVER/USD,4,22,18,61.1,0.249
B_1h_4h,rsi,adx,SILVER/USD,4,131,103,54.4,0.047
B_1h_4h,rsi,vol,SILVER/USD,4,103,83,55.4,0.093
B_1h_4h,macd,rsi,SILVER/USD,1,2193,1209,53.3,0.047
B_1h_4h,macd,bb,SILVER/USD,1,2200,1173,53.2,0.048
B_1h_4h,macd,ema,SILVER/USD,1,2251,1239,51.0,0.019
B_1h_4h,macd,adx,SILVER/USD,1,3505,2079,47.9,-0.015
B_1h_4h,macd,vol,SILVER/USD,1,2007,1547,47.9,-0.025
B_1h_4h,macd,rsi,SILVER/USD,2,2192,1359,54.0,0.079
B_1h_4h,macd,bb,SILVER/USD,2,2199,1325,53.9,0.082
B_1h_4h,macd,ema,SILVER/USD,2,2250,1396,51.6,0.036
B_1h_4h,macd,adx,SILVER/USD,2,3504,2356,48.8,-0.022
B_1h_4h,macd,vol,SILVER/USD,2,2007,1683,48.7,-0.038
B_1h_4h,macd,rsi,SILVER/USD,4,2190,1508,54.2,0.113
B_1h_4h,macd,bb,SILVER/USD,4,2197,1465,53.1,0.113
B_1h_4h,macd,ema,SILVER/USD,4,2248,1545,52.4,0.043
B_1h_4h,macd,adx,SILVER/USD,4,3502,2529,49.0,-0.027
B_1h_4h,macd,vol,SILVER/USD,4,2007,1746,49.3,-0.011
B_1h_4h,bb,rsi,SILVER/USD,1,267,159,57.9,0.077
B_1h_4h,bb,macd,SILVER/USD,1,351,174,48.3,-0.027
B_1h_4h,bb,ema,SILVER/USD,1,331,186,55.4,0.036
B_1h_4h,bb,adx,SILVER/USD,1,654,416,48.1,-0.048
B_1h_4h,bb,vol,SILVER/USD,1,524,388,46.4,-0.064
B_1h_4h,bb,rsi,SILVER/USD,2,267,183,56.3,0.122
B_1h_4h,bb,macd,SILVER/USD,2,351,203,47.8,-0.041
B_1h_4h,bb,ema,SILVER/USD,2,331,217,53.5,0.052
B_1h_4h,bb,adx,SILVER/USD,2,654,490,48.4,-0.069
B_1h_4h,bb,vol,SILVER/USD,2,524,430,47.2,-0.102
B_1h_4h,bb,rsi,SILVER/USD,4,267,195,57.9,0.152
B_1h_4h,bb,macd,SILVER/USD,4,351,234,49.1,-0.024
B_1h_4h,bb,ema,SILVER/USD,4,331,238,55.9,0.063
B_1h_4h,bb,adx,SILVER/USD,4,654,510,51.4,-0.047
B_1h_4h,bb,vol,SILVER/USD,4,524,447,47.9,-0.112
C_4h_4h,rsi,(solo),SILVER/USD,1,50,37,48.6,-0.022
C_4h_4h,rsi,macd,SILVER/USD,1,10,10,60.0,-0.01
C_4h_4h,rsi,bb,SILVER/USD,1,1,1,0.0,-1.942
C_4h_4h,rsi,ema,SILVER/USD,1,0,0,,
C_4h_4h,rsi,adx,SILVER/USD,1,48,35,48.6,-0.034
C_4h_4h,rsi,vol,SILVER/USD,1,36,28,46.4,-0.235
C_4h_4h,rsi,(solo),SILVER/USD,2,50,47,46.8,0.128
C_4h_4h,rsi,macd,SILVER/USD,2,10,10,60.0,0.627
C_4h_4h,rsi,bb,SILVER/USD,2,1,1,0.0,-1.108
C_4h_4h,rsi,ema,SILVER/USD,2,0,0,,
C_4h_4h,rsi,adx,SILVER/USD,2,48,45,46.7,0.097
C_4h_4h,rsi,vol,SILVER/USD,2,36,34,41.2,-0.059
C_4h_4h,macd,(solo),SILVER/USD,1,1120,794,51.5,0.004
C_4h_4h,macd,rsi,SILVER/USD,1,574,426,50.7,0.028
C_4h_4h,macd,bb,SILVER/USD,1,527,436,50.5,0.031
C_4h_4h,macd,ema,SILVER/USD,1,523,384,51.3,-0.005
C_4h_4h,macd,adx,SILVER/USD,1,881,627,51.2,-0.009
C_4h_4h,macd,vol,SILVER/USD,1,507,442,52.3,-0.018
C_4h_4h,macd,(solo),SILVER/USD,2,1119,862,50.9,-0.012
C_4h_4h,macd,rsi,SILVER/USD,2,574,466,51.9,0.039
C_4h_4h,macd,bb,SILVER/USD,2,527,466,50.4,0.037
C_4h_4h,macd,ema,SILVER/USD,2,523,419,51.6,-0.034
C_4h_4h,macd,adx,SILVER/USD,2,880,687,50.9,0.002
C_4h_4h,macd,vol,SILVER/USD,2,507,459,50.8,-0.013
C_4h_4h,bb,(solo),SILVER/USD,1,221,181,54.1,-0.024
C_4h_4h,bb,rsi,SILVER/USD,1,38,31,45.2,0.054
C_4h_4h,bb,macd,SILVER/USD,1,36,31,54.8,0.155
C_4h_4h,bb,ema,SILVER/USD,1,55,47,51.1,-0.045
C_4h_4h,bb,adx,SILVER/USD,1,179,146,54.1,-0.023
C_4h_4h,bb,vol,SILVER/USD,1,144,120,55.0,0.012
C_4h_4h,bb,(solo),SILVER/USD,2,221,199,56.3,-0.022
C_4h_4h,bb,rsi,SILVER/USD,2,38,36,58.3,0.166
C_4h_4h,bb,macd,SILVER/USD,2,36,34,61.8,0.067
C_4h_4h,bb,ema,SILVER/USD,2,55,51,52.9,-0.146
C_4h_4h,bb,adx,SILVER/USD,2,179,159,57.9,0.042
C_4h_4h,bb,vol,SILVER/USD,2,144,131,55.7,-0.022
A_1h_1h,rsi,(solo),HYPE,1,356,314,49.0,-0.075
A_1h_1h,rsi,macd,HYPE,1,25,22,36.4,-0.346
A_1h_1h,rsi,bb,HYPE,1,2,2,50.0,0.258
A_1h_1h,rsi,ema,HYPE,1,1,1,0.0,-0.631
A_1h_1h,rsi,adx,HYPE,1,341,299,48.2,-0.095
A_1h_1h,rsi,vol,HYPE,1,190,167,51.5,-0.025
A_1h_1h,rsi,(solo),HYPE,2,356,328,47.3,-0.183
A_1h_1h,rsi,macd,HYPE,2,25,24,54.2,-0.414
A_1h_1h,rsi,bb,HYPE,2,2,2,50.0,1.066
A_1h_1h,rsi,ema,HYPE,2,1,1,100.0,0.229
A_1h_1h,rsi,adx,HYPE,2,341,314,45.9,-0.213
A_1h_1h,rsi,vol,HYPE,2,190,177,51.4,-0.153
A_1h_1h,rsi,(solo),HYPE,4,356,329,49.5,-0.103
A_1h_1h,rsi,macd,HYPE,4,25,21,52.4,0.294
A_1h_1h,rsi,bb,HYPE,4,2,2,50.0,7.598
A_1h_1h,rsi,ema,HYPE,4,1,1,100.0,0.667
A_1h_1h,rsi,adx,HYPE,4,341,316,49.1,-0.16
A_1h_1h,rsi,vol,HYPE,4,190,174,54.0,0.053
A_1h_1h,macd,(solo),HYPE,1,14669,12696,48.2,-0.042
A_1h_1h,macd,rsi,HYPE,1,7909,6892,46.4,-0.062
A_1h_1h,macd,bb,HYPE,1,8023,6989,46.5,-0.061
A_1h_1h,macd,ema,HYPE,1,7344,6411,47.4,-0.05
A_1h_1h,macd,adx,HYPE,1,9195,7935,47.6,-0.065
A_1h_1h,macd,vol,HYPE,1,5647,4949,47.5,-0.047
A_1h_1h,macd,(solo),HYPE,2,14668,13234,47.7,-0.072
A_1h_1h,macd,rsi,HYPE,2,7908,7159,46.0,-0.108
A_1h_1h,macd,bb,HYPE,2,8023,7267,46.3,-0.105
A_1h_1h,macd,ema,HYPE,2,7343,6640,46.5,-0.094
A_1h_1h,macd,adx,HYPE,2,9194,8307,47.0,-0.109
A_1h_1h,macd,vol,HYPE,2,5647,5151,47.9,-0.065
A_1h_1h,macd,(solo),HYPE,4,14666,13637,48.8,-0.079
A_1h_1h,macd,rsi,HYPE,4,7908,7353,47.6,-0.116
A_1h_1h,macd,bb,HYPE,4,8021,7462,47.4,-0.124
A_1h_1h,macd,ema,HYPE,4,7343,6814,47.1,-0.11
A_1h_1h,macd,adx,HYPE,4,9192,8545,48.4,-0.104
A_1h_1h,macd,vol,HYPE,4,5647,5260,50.3,-0.013
A_1h_1h,bb,(solo),HYPE,1,2719,2388,51.5,-0.022
A_1h_1h,bb,rsi,HYPE,1,219,193,50.3,-0.011
A_1h_1h,bb,macd,HYPE,1,218,196,48.0,-0.118
A_1h_1h,bb,ema,HYPE,1,628,552,53.6,0.048
A_1h_1h,bb,adx,HYPE,1,1765,1535,50.5,-0.068
A_1h_1h,bb,vol,HYPE,1,1318,1173,50.6,-0.027
A_1h_1h,bb,(solo),HYPE,2,2719,2464,51.1,-0.005
A_1h_1h,bb,rsi,HYPE,2,219,195,44.6,-0.109
A_1h_1h,bb,macd,HYPE,2,218,200,49.5,-0.058
A_1h_1h,bb,ema,HYPE,2,628,561,51.2,0.082
A_1h_1h,bb,adx,HYPE,2,1765,1602,50.3,-0.063
A_1h_1h,bb,vol,HYPE,2,1318,1199,49.5,-0.021
A_1h_1h,bb,(solo),HYPE,4,2719,2534,51.6,0.022
A_1h_1h,bb,rsi,HYPE,4,219,207,51.2,-0.022
A_1h_1h,bb,macd,HYPE,4,218,203,57.6,0.191
A_1h_1h,bb,ema,HYPE,4,628,582,49.3,0.014
A_1h_1h,bb,adx,HYPE,4,1765,1643,51.2,-0.043
A_1h_1h,bb,vol,HYPE,4,1318,1229,52.2,0.02
B_1h_4h,rsi,macd,HYPE,1,7,6,50.0,0.052
B_1h_4h,rsi,bb,HYPE,1,2,2,100.0,1.471
B_1h_4h,rsi,ema,HYPE,1,42,37,64.9,0.315
B_1h_4h,rsi,adx,HYPE,1,254,223,48.9,-0.05
B_1h_4h,rsi,vol,HYPE,1,249,219,47.0,-0.14
B_1h_4h,rsi,macd,HYPE,2,7,7,57.1,0.328
B_1h_4h,rsi,bb,HYPE,2,2,2,100.0,2.075
B_1h_4h,rsi,ema,HYPE,2,42,36,72.2,0.3
B_1h_4h,rsi,adx,HYPE,2,254,235,50.2,-0.15
B_1h_4h,rsi,vol,HYPE,2,249,231,46.8,-0.263
B_1h_4h,rsi,macd,HYPE,4,7,7,57.1,2.145
B_1h_4h,rsi,bb,HYPE,4,2,2,100.0,2.84
B_1h_4h,rsi,ema,HYPE,4,42,37,59.5,0.456
B_1h_4h,rsi,adx,HYPE,4,254,234,52.6,-0.035
B_1h_4h,rsi,vol,HYPE,4,249,233,51.1,-0.189
B_1h_4h,macd,rsi,HYPE,1,7290,6354,52.3,0.075
B_1h_4h,macd,bb,HYPE,1,7231,6305,52.2,0.079
B_1h_4h,macd,ema,HYPE,1,7306,6356,50.9,0.026
B_1h_4h,macd,adx,HYPE,1,9129,7977,48.3,-0.052
B_1h_4h,macd,vol,HYPE,1,5720,5094,50.2,0.003
B_1h_4h,macd,rsi,HYPE,2,7289,6589,52.5,0.123
B_1h_4h,macd,bb,HYPE,2,7230,6550,52.6,0.124
B_1h_4h,macd,ema,HYPE,2,7305,6596,50.5,0.039
B_1h_4h,macd,adx,HYPE,2,9128,8314,47.8,-0.088
B_1h_4h,macd,vol,HYPE,2,5720,5263,50.0,-0.012
B_1h_4h,macd,rsi,HYPE,4,7289,6754,52.5,0.154
B_1h_4h,macd,bb,HYPE,4,7230,6729,52.4,0.153
B_1h_4h,macd,ema,HYPE,4,7305,6791,50.2,0.052
B_1h_4h,macd,adx,HYPE,4,9126,8494,48.9,-0.101
B_1h_4h,macd,vol,HYPE,4,5720,5345,52.3,0.068
B_1h_4h,bb,rsi,HYPE,1,699,618,62.1,0.269
B_1h_4h,bb,macd,HYPE,1,774,681,56.4,0.165
B_1h_4h,bb,ema,HYPE,1,1012,890,56.9,0.111
B_1h_4h,bb,adx,HYPE,1,1649,1464,52.2,0.005
B_1h_4h,bb,vol,HYPE,1,1418,1260,50.3,-0.05
B_1h_4h,bb,rsi,HYPE,2,699,630,63.0,0.461
B_1h_4h,bb,macd,HYPE,2,774,698,55.9,0.239
B_1h_4h,bb,ema,HYPE,2,1012,912,55.8,0.195
B_1h_4h,bb,adx,HYPE,2,1649,1511,52.7,0.033
B_1h_4h,bb,vol,HYPE,2,1418,1308,48.9,-0.081
B_1h_4h,bb,rsi,HYPE,4,699,652,59.5,0.467
B_1h_4h,bb,macd,HYPE,4,774,721,53.7,0.264
B_1h_4h,bb,ema,HYPE,4,1012,937,53.5,0.202
B_1h_4h,bb,adx,HYPE,4,1649,1533,53.3,0.109
B_1h_4h,bb,vol,HYPE,4,1418,1330,51.3,-0.06
C_4h_4h,rsi,(solo),HYPE,1,87,81,55.6,0.28
C_4h_4h,rsi,macd,HYPE,1,2,2,100.0,1.376
C_4h_4h,rsi,bb,HYPE,1,0,0,,
C_4h_4h,rsi,ema,HYPE,1,0,0,,
C_4h_4h,rsi,adx,HYPE,1,84,79,55.7,0.285
C_4h_4h,rsi,vol,HYPE,1,51,46,52.2,0.147
C_4h_4h,rsi,(solo),HYPE,2,87,85,55.3,0.358
C_4h_4h,rsi,macd,HYPE,2,2,2,50.0,1.327
C_4h_4h,rsi,bb,HYPE,2,0,0,,
C_4h_4h,rsi,ema,HYPE,2,0,0,,
C_4h_4h,rsi,adx,HYPE,2,84,82,54.9,0.358
C_4h_4h,rsi,vol,HYPE,2,51,49,53.1,0.263
C_4h_4h,macd,(solo),HYPE,1,3667,3417,48.3,-0.06
C_4h_4h,macd,rsi,HYPE,1,1983,1850,47.1,-0.061
C_4h_4h,macd,bb,HYPE,1,1999,1866,46.7,-0.068
C_4h_4h,macd,ema,HYPE,1,1866,1740,46.8,-0.061
C_4h_4h,macd,adx,HYPE,1,2282,2133,47.7,-0.132
C_4h_4h,macd,vol,HYPE,1,1430,1331,49.6,0.022
C_4h_4h,macd,(solo),HYPE,2,3666,3492,49.2,-0.076
C_4h_4h,macd,rsi,HYPE,2,1983,1889,47.9,-0.095
C_4h_4h,macd,bb,HYPE,2,1999,1901,47.7,-0.073
C_4h_4h,macd,ema,HYPE,2,1866,1780,48.2,-0.072
C_4h_4h,macd,adx,HYPE,2,2281,2171,47.6,-0.206
C_4h_4h,macd,vol,HYPE,2,1430,1366,50.6,0.069
C_4h_4h,bb,(solo),HYPE,1,670,618,51.1,-0.016
C_4h_4h,bb,rsi,HYPE,1,63,58,62.1,0.293
C_4h_4h,bb,macd,HYPE,1,47,47,59.6,0.5
C_4h_4h,bb,ema,HYPE,1,167,155,54.2,0.211
C_4h_4h,bb,adx,HYPE,1,441,409,52.6,0.143
C_4h_4h,bb,vol,HYPE,1,298,274,53.6,0.224
C_4h_4h,bb,(solo),HYPE,2,670,639,52.0,-0.042
C_4h_4h,bb,rsi,HYPE,2,63,62,58.1,-0.056
C_4h_4h,bb,macd,HYPE,2,47,45,62.2,0.775
C_4h_4h,bb,ema,HYPE,2,167,161,54.0,0.234
C_4h_4h,bb,adx,HYPE,2,441,421,52.5,0.186
C_4h_4h,bb,vol,HYPE,2,298,284,52.1,0.281
A_1h_1h,rsi,(solo),AAPL/USD,1,145,73,46.6,-0.021
A_1h_1h,rsi,macd,AAPL/USD,1,26,10,40.0,0.021
A_1h_1h,rsi,bb,AAPL/USD,1,7,5,40.0,-0.077
A_1h_1h,rsi,ema,AAPL/USD,1,7,3,100.0,0.198
A_1h_1h,rsi,adx,AAPL/USD,1,137,70,44.3,-0.039
A_1h_1h,rsi,vol,AAPL/USD,1,60,33,39.4,-0.027
A_1h_1h,rsi,(solo),AAPL/USD,2,145,86,44.2,-0.027
A_1h_1h,rsi,macd,AAPL/USD,2,26,13,30.8,-0.187
A_1h_1h,rsi,bb,AAPL/USD,2,7,7,42.9,-0.327
A_1h_1h,rsi,ema,AAPL/USD,2,7,5,80.0,0.117
A_1h_1h,rsi,adx,AAPL/USD,2,137,81,43.2,-0.05
A_1h_1h,rsi,vol,AAPL/USD,2,60,49,40.8,-0.121
A_1h_1h,rsi,(solo),AAPL/USD,4,145,91,39.6,-0.06
A_1h_1h,rsi,macd,AAPL/USD,4,26,15,20.0,-0.279
A_1h_1h,rsi,bb,AAPL/USD,4,7,5,20.0,-0.266
A_1h_1h,rsi,ema,AAPL/USD,4,7,4,75.0,0.163
A_1h_1h,rsi,adx,AAPL/USD,4,137,87,37.9,-0.085
A_1h_1h,rsi,vol,AAPL/USD,4,60,43,34.9,-0.221
A_1h_1h,macd,(solo),AAPL/USD,1,4974,1821,44.5,-0.015
A_1h_1h,macd,rsi,AAPL/USD,1,2527,1059,43.1,-0.024
A_1h_1h,macd,bb,AAPL/USD,1,2538,1081,42.6,-0.029
A_1h_1h,macd,ema,AAPL/USD,1,2437,970,43.9,-0.02
A_1h_1h,macd,adx,AAPL/USD,1,3513,1334,45.1,-0.014
A_1h_1h,macd,vol,AAPL/USD,1,1810,825,46.3,-0.014
A_1h_1h,macd,(solo),AAPL/USD,2,4973,2384,45.2,-0.022
A_1h_1h,macd,rsi,AAPL/USD,2,2526,1333,43.1,-0.035
A_1h_1h,macd,bb,AAPL/USD,2,2538,1367,42.5,-0.042
A_1h_1h,macd,ema,AAPL/USD,2,2436,1239,43.7,-0.031
A_1h_1h,macd,adx,AAPL/USD,2,3512,1735,45.4,-0.023
A_1h_1h,macd,vol,AAPL/USD,2,1810,1036,45.2,-0.033
A_1h_1h,macd,(solo),AAPL/USD,4,4971,2993,45.4,-0.032
A_1h_1h,macd,rsi,AAPL/USD,4,2526,1619,41.5,-0.052
A_1h_1h,macd,bb,AAPL/USD,4,2536,1654,41.6,-0.058
A_1h_1h,macd,ema,AAPL/USD,4,2436,1537,42.6,-0.051
A_1h_1h,macd,adx,AAPL/USD,4,3510,2164,46.2,-0.034
A_1h_1h,macd,vol,AAPL/USD,4,1810,1211,46.1,-0.034
A_1h_1h,bb,(solo),AAPL/USD,1,1006,477,52.4,0.021
A_1h_1h,bb,rsi,AAPL/USD,1,233,116,44.0,-0.037
A_1h_1h,bb,macd,AAPL/USD,1,218,99,44.4,-0.021
A_1h_1h,bb,ema,AAPL/USD,1,332,167,47.3,-0.01
A_1h_1h,bb,adx,AAPL/USD,1,726,355,52.1,0.028
A_1h_1h,bb,vol,AAPL/USD,1,490,269,49.1,0.025
A_1h_1h,bb,(solo),AAPL/USD,2,1006,576,53.0,0.028
A_1h_1h,bb,rsi,AAPL/USD,2,233,139,48.2,-0.006
A_1h_1h,bb,macd,AAPL/USD,2,218,121,51.2,-0.007
A_1h_1h,bb,ema,AAPL/USD,2,332,199,48.7,-0.001
A_1h_1h,bb,adx,AAPL/USD,2,726,420,52.9,0.038
A_1h_1h,bb,vol,AAPL/USD,2,490,319,50.5,0.017
A_1h_1h,bb,(solo),AAPL/USD,4,1006,663,53.5,0.037
A_1h_1h,bb,rsi,AAPL/USD,4,233,159,47.8,0.019
A_1h_1h,bb,macd,AAPL/USD,4,218,148,50.0,0.004
A_1h_1h,bb,ema,AAPL/USD,4,332,220,51.8,0.007
A_1h_1h,bb,adx,AAPL/USD,4,726,485,55.1,0.065
A_1h_1h,bb,vol,AAPL/USD,4,490,334,53.3,0.031
B_1h_4h,rsi,macd,AAPL/USD,1,18,12,66.7,0.067
B_1h_4h,rsi,bb,AAPL/USD,1,8,5,80.0,0.17
B_1h_4h,rsi,ema,AAPL/USD,1,25,11,45.5,-0.001
B_1h_4h,rsi,adx,AAPL/USD,1,124,62,45.2,-0.027
B_1h_4h,rsi,vol,AAPL/USD,1,79,45,46.7,-0.006
B_1h_4h,rsi,macd,AAPL/USD,2,18,16,68.8,0.171
B_1h_4h,rsi,bb,AAPL/USD,2,8,8,62.5,0.037
B_1h_4h,rsi,ema,AAPL/USD,2,25,14,42.9,0.006
B_1h_4h,rsi,adx,AAPL/USD,2,124,71,39.4,-0.06
B_1h_4h,rsi,vol,AAPL/USD,2,79,56,42.9,-0.051
B_1h_4h,rsi,macd,AAPL/USD,4,18,17,70.6,0.282
B_1h_4h,rsi,bb,AAPL/USD,4,8,7,57.1,0.074
B_1h_4h,rsi,ema,AAPL/USD,4,25,13,38.5,-0.292
B_1h_4h,rsi,adx,AAPL/USD,4,124,76,36.8,-0.105
B_1h_4h,rsi,vol,AAPL/USD,4,79,56,37.5,-0.031
B_1h_4h,macd,rsi,AAPL/USD,1,2346,914,50.5,0.016
B_1h_4h,macd,bb,AAPL/USD,1,2298,903,50.6,0.017
B_1h_4h,macd,ema,AAPL/USD,1,2476,932,46.7,-0.0
B_1h_4h,macd,adx,AAPL/USD,1,3769,1392,44.5,-0.011
B_1h_4h,macd,vol,AAPL/USD,1,2225,1064,46.1,-0.015
B_1h_4h,macd,rsi,AAPL/USD,2,2345,1185,50.9,0.026
B_1h_4h,macd,bb,AAPL/USD,2,2297,1162,51.7,0.029
B_1h_4h,macd,ema,AAPL/USD,2,2475,1188,47.9,-0.001
B_1h_4h,macd,adx,AAPL/USD,2,3768,1836,45.1,-0.018
B_1h_4h,macd,vol,AAPL/USD,2,2225,1305,46.0,-0.022
B_1h_4h,macd,rsi,AAPL/USD,4,2345,1470,47.8,0.014
B_1h_4h,macd,bb,AAPL/USD,4,2297,1430,48.3,0.022
B_1h_4h,macd,ema,AAPL/USD,4,2475,1510,46.1,-0.014
B_1h_4h,macd,adx,AAPL/USD,4,3766,2284,45.7,-0.024
B_1h_4h,macd,vol,AAPL/USD,4,2225,1534,47.3,-0.023
B_1h_4h,bb,rsi,AAPL/USD,1,355,177,58.8,0.068
B_1h_4h,bb,macd,AAPL/USD,1,360,161,57.8,0.048
B_1h_4h,bb,ema,AAPL/USD,1,423,210,51.4,0.035
B_1h_4h,bb,adx,AAPL/USD,1,748,351,52.4,0.025
B_1h_4h,bb,vol,AAPL/USD,1,553,326,50.9,0.024
B_1h_4h,bb,rsi,AAPL/USD,2,355,215,59.5,0.108
B_1h_4h,bb,macd,AAPL/USD,2,360,197,57.4,0.069
B_1h_4h,bb,ema,AAPL/USD,2,423,246,55.7,0.065
B_1h_4h,bb,adx,AAPL/USD,2,748,436,51.1,0.021
B_1h_4h,bb,vol,AAPL/USD,2,553,380,51.8,0.025
B_1h_4h,bb,rsi,AAPL/USD,4,355,240,59.6,0.136
B_1h_4h,bb,macd,AAPL/USD,4,360,235,60.9,0.111
B_1h_4h,bb,ema,AAPL/USD,4,423,282,55.0,0.072
B_1h_4h,bb,adx,AAPL/USD,4,748,490,52.7,0.03
B_1h_4h,bb,vol,AAPL/USD,4,553,403,52.4,0.044
C_4h_4h,rsi,(solo),AAPL/USD,1,46,26,30.8,-0.095
C_4h_4h,rsi,macd,AAPL/USD,1,9,5,20.0,-0.127
C_4h_4h,rsi,bb,AAPL/USD,1,1,0,,-0.028
C_4h_4h,rsi,ema,AAPL/USD,1,2,1,0.0,-0.17
C_4h_4h,rsi,adx,AAPL/USD,1,43,24,33.3,-0.072
C_4h_4h,rsi,vol,AAPL/USD,1,19,10,40.0,0.027
C_4h_4h,rsi,(solo),AAPL/USD,2,46,32,37.5,-0.066
C_4h_4h,rsi,macd,AAPL/USD,2,9,5,40.0,-0.113
C_4h_4h,rsi,bb,AAPL/USD,2,1,0,,-0.143
C_4h_4h,rsi,ema,AAPL/USD,2,2,1,100.0,0.815
C_4h_4h,rsi,adx,AAPL/USD,2,43,31,38.7,-0.05
C_4h_4h,rsi,vol,AAPL/USD,2,19,14,28.6,-0.041
C_4h_4h,macd,(solo),AAPL/USD,1,1286,779,45.3,-0.011
C_4h_4h,macd,rsi,AAPL/USD,1,619,383,43.3,-0.029
C_4h_4h,macd,bb,AAPL/USD,1,636,399,42.9,-0.028
C_4h_4h,macd,ema,AAPL/USD,1,618,381,43.0,-0.028
C_4h_4h,macd,adx,AAPL/USD,1,984,596,45.6,-0.001
C_4h_4h,macd,vol,AAPL/USD,1,562,382,45.0,-0.026
C_4h_4h,macd,(solo),AAPL/USD,2,1285,914,46.9,-0.028
C_4h_4h,macd,rsi,AAPL/USD,2,619,445,45.4,-0.042
C_4h_4h,macd,bb,AAPL/USD,2,636,461,45.1,-0.058
C_4h_4h,macd,ema,AAPL/USD,2,618,450,44.4,-0.039
C_4h_4h,macd,adx,AAPL/USD,2,983,698,47.6,-0.023
C_4h_4h,macd,vol,AAPL/USD,2,562,430,46.5,-0.042
C_4h_4h,bb,(solo),AAPL/USD,1,228,144,47.2,-0.029
C_4h_4h,bb,rsi,AAPL/USD,1,53,37,32.4,-0.095
C_4h_4h,bb,macd,AAPL/USD,1,40,27,51.9,0.033
C_4h_4h,bb,ema,AAPL/USD,1,89,56,42.9,-0.058
C_4h_4h,bb,adx,AAPL/USD,1,177,112,46.4,-0.01
C_4h_4h,bb,vol,AAPL/USD,1,104,71,43.7,-0.032
C_4h_4h,bb,(solo),AAPL/USD,2,228,164,48.8,0.017
C_4h_4h,bb,rsi,AAPL/USD,2,53,37,48.6,-0.035
C_4h_4h,bb,macd,AAPL/USD,2,40,26,65.4,0.243
C_4h_4h,bb,ema,AAPL/USD,2,89,62,53.2,0.039
C_4h_4h,bb,adx,AAPL/USD,2,177,127,48.0,0.049
C_4h_4h,bb,vol,AAPL/USD,2,104,79,45.6,0.019
A_1h_1h,rsi,(solo),AMZN/USD,1,181,94,50.0,0.008
A_1h_1h,rsi,macd,AMZN/USD,1,41,17,41.2,-0.085
A_1h_1h,rsi,bb,AMZN/USD,1,14,13,30.8,-0.042
A_1h_1h,rsi,ema,AMZN/USD,1,10,7,57.1,0.179
A_1h_1h,rsi,adx,AMZN/USD,1,166,86,50.0,0.003
A_1h_1h,rsi,vol,AMZN/USD,1,78,46,47.8,0.035
A_1h_1h,rsi,(solo),AMZN/USD,2,181,131,49.6,0.006
A_1h_1h,rsi,macd,AMZN/USD,2,41,27,48.1,-0.112
A_1h_1h,rsi,bb,AMZN/USD,2,14,12,33.3,0.069
A_1h_1h,rsi,ema,AMZN/USD,2,10,8,62.5,0.263
A_1h_1h,rsi,adx,AMZN/USD,2,166,120,49.2,-0.01
A_1h_1h,rsi,vol,AMZN/USD,2,78,60,48.3,0.03
A_1h_1h,rsi,(solo),AMZN/USD,4,181,136,51.5,-0.052
A_1h_1h,rsi,macd,AMZN/USD,4,41,26,50.0,-0.074
A_1h_1h,rsi,bb,AMZN/USD,4,14,10,50.0,0.088
A_1h_1h,rsi,ema,AMZN/USD,4,10,8,37.5,0.2
A_1h_1h,rsi,adx,AMZN/USD,4,166,126,50.8,-0.059
A_1h_1h,rsi,vol,AMZN/USD,4,78,57,54.4,0.017
A_1h_1h,macd,(solo),AMZN/USD,1,5163,2099,49.5,-0.001
A_1h_1h,macd,rsi,AMZN/USD,1,2548,1138,48.0,-0.011
A_1h_1h,macd,bb,AMZN/USD,1,2546,1159,48.7,-0.006
A_1h_1h,macd,ema,AMZN/USD,1,2456,1063,50.1,-0.002
A_1h_1h,macd,adx,AMZN/USD,1,3623,1550,49.7,-0.002
A_1h_1h,macd,vol,AMZN/USD,1,2097,985,49.1,-0.003
A_1h_1h,macd,(solo),AMZN/USD,2,5162,2714,48.9,-0.01
A_1h_1h,macd,rsi,AMZN/USD,2,2547,1413,46.3,-0.027
A_1h_1h,macd,bb,AMZN/USD,2,2545,1444,46.9,-0.02
A_1h_1h,macd,ema,AMZN/USD,2,2455,1337,48.8,-0.012
A_1h_1h,macd,adx,AMZN/USD,2,3622,1990,48.9,-0.012
A_1h_1h,macd,vol,AMZN/USD,2,2097,1222,48.3,-0.018
A_1h_1h,macd,(solo),AMZN/USD,4,5160,3348,50.4,-0.004
A_1h_1h,macd,rsi,AMZN/USD,4,2547,1734,47.8,-0.013
A_1h_1h,macd,bb,AMZN/USD,4,2545,1768,48.6,-0.013
A_1h_1h,macd,ema,AMZN/USD,4,2455,1630,49.1,-0.0
A_1h_1h,macd,adx,AMZN/USD,4,3620,2438,51.6,-0.0
A_1h_1h,macd,vol,AMZN/USD,4,2097,1459,49.8,-0.01
A_1h_1h,bb,(solo),AMZN/USD,1,941,459,50.5,0.004
A_1h_1h,bb,rsi,AMZN/USD,1,190,104,46.2,-0.002
A_1h_1h,bb,macd,AMZN/USD,1,146,85,48.2,0.019
A_1h_1h,bb,ema,AMZN/USD,1,316,141,50.4,-0.006
A_1h_1h,bb,adx,AMZN/USD,1,669,351,51.0,0.008
A_1h_1h,bb,vol,AMZN/USD,1,459,253,48.6,0.001
A_1h_1h,bb,(solo),AMZN/USD,2,941,554,48.9,0.004
A_1h_1h,bb,rsi,AMZN/USD,2,190,114,50.0,0.013
A_1h_1h,bb,macd,AMZN/USD,2,146,83,50.6,0.006
A_1h_1h,bb,ema,AMZN/USD,2,316,179,52.0,0.01
A_1h_1h,bb,adx,AMZN/USD,2,669,415,49.9,0.001
A_1h_1h,bb,vol,AMZN/USD,2,459,292,45.5,-0.016
A_1h_1h,bb,(solo),AMZN/USD,4,941,664,51.4,0.017
A_1h_1h,bb,rsi,AMZN/USD,4,190,132,50.8,0.009
A_1h_1h,bb,macd,AMZN/USD,4,146,100,52.0,0.078
A_1h_1h,bb,ema,AMZN/USD,4,316,219,52.5,0.053
A_1h_1h,bb,adx,AMZN/USD,4,669,497,52.3,0.015
A_1h_1h,bb,vol,AMZN/USD,4,459,341,50.4,-0.01
B_1h_4h,rsi,macd,AMZN/USD,1,21,13,76.9,0.111
B_1h_4h,rsi,bb,AMZN/USD,1,9,9,88.9,0.884
B_1h_4h,rsi,ema,AMZN/USD,1,52,25,56.0,0.141
B_1h_4h,rsi,adx,AMZN/USD,1,145,77,50.6,0.006
B_1h_4h,rsi,vol,AMZN/USD,1,108,70,47.1,-0.009
B_1h_4h,rsi,macd,AMZN/USD,2,21,17,58.8,0.065
B_1h_4h,rsi,bb,AMZN/USD,2,9,9,100.0,0.996
B_1h_4h,rsi,ema,AMZN/USD,2,52,41,61.0,0.165
B_1h_4h,rsi,adx,AMZN/USD,2,145,101,50.5,0.018
B_1h_4h,rsi,vol,AMZN/USD,2,108,84,50.0,-0.014
B_1h_4h,rsi,macd,AMZN/USD,4,21,18,50.0,0.056
B_1h_4h,rsi,bb,AMZN/USD,4,9,8,87.5,1.005
B_1h_4h,rsi,ema,AMZN/USD,4,52,44,50.0,-0.048
B_1h_4h,rsi,adx,AMZN/USD,4,145,105,53.3,-0.021
B_1h_4h,rsi,vol,AMZN/USD,4,108,86,51.2,-0.042
B_1h_4h,macd,rsi,AMZN/USD,1,2403,1038,55.8,0.038
B_1h_4h,macd,bb,AMZN/USD,1,2410,1011,56.5,0.041
B_1h_4h,macd,ema,AMZN/USD,1,2506,1060,53.0,0.021
B_1h_4h,macd,adx,AMZN/USD,1,3999,1632,49.6,-0.005
B_1h_4h,macd,vol,AMZN/USD,1,2526,1230,49.1,-0.004
B_1h_4h,macd,rsi,AMZN/USD,2,2402,1304,54.8,0.051
B_1h_4h,macd,bb,AMZN/USD,2,2409,1264,56.0,0.056
B_1h_4h,macd,ema,AMZN/USD,2,2505,1370,52.5,0.027
B_1h_4h,macd,adx,AMZN/USD,2,3998,2094,49.1,-0.02
B_1h_4h,macd,vol,AMZN/USD,2,2526,1539,48.7,-0.021
B_1h_4h,macd,rsi,AMZN/USD,4,2402,1598,53.2,0.065
B_1h_4h,macd,bb,AMZN/USD,4,2409,1567,54.6,0.078
B_1h_4h,macd,ema,AMZN/USD,4,2505,1680,51.2,0.038
B_1h_4h,macd,adx,AMZN/USD,4,3996,2581,49.2,-0.031
B_1h_4h,macd,vol,AMZN/USD,4,2526,1840,49.8,-0.013
B_1h_4h,bb,rsi,AMZN/USD,1,334,152,61.8,0.072
B_1h_4h,bb,macd,AMZN/USD,1,350,164,57.9,0.039
B_1h_4h,bb,ema,AMZN/USD,1,393,174,55.2,0.028
B_1h_4h,bb,adx,AMZN/USD,1,728,378,49.5,0.004
B_1h_4h,bb,vol,AMZN/USD,1,502,300,49.3,-0.001
B_1h_4h,bb,rsi,AMZN/USD,2,334,192,61.5,0.112
B_1h_4h,bb,macd,AMZN/USD,2,350,198,59.1,0.08
B_1h_4h,bb,ema,AMZN/USD,2,393,216,53.7,0.043
B_1h_4h,bb,adx,AMZN/USD,2,728,449,48.6,0.002
B_1h_4h,bb,vol,AMZN/USD,2,502,347,47.3,0.001
B_1h_4h,bb,rsi,AMZN/USD,4,334,233,57.5,0.138
B_1h_4h,bb,macd,AMZN/USD,4,350,237,61.6,0.139
B_1h_4h,bb,ema,AMZN/USD,4,393,277,52.0,0.036
B_1h_4h,bb,adx,AMZN/USD,4,728,521,50.3,0.014
B_1h_4h,bb,vol,AMZN/USD,4,502,391,50.6,0.033
C_4h_4h,rsi,(solo),AMZN/USD,1,45,30,66.7,0.032
C_4h_4h,rsi,macd,AMZN/USD,1,12,8,87.5,0.238
C_4h_4h,rsi,bb,AMZN/USD,1,1,1,0.0,-0.476
C_4h_4h,rsi,ema,AMZN/USD,1,1,0,,-0.052
C_4h_4h,rsi,adx,AMZN/USD,1,43,29,65.5,0.022
C_4h_4h,rsi,vol,AMZN/USD,1,21,16,68.8,-0.011
C_4h_4h,rsi,(solo),AMZN/USD,2,45,36,47.2,0.01
C_4h_4h,rsi,macd,AMZN/USD,2,12,7,57.1,0.221
C_4h_4h,rsi,bb,AMZN/USD,2,1,1,100.0,0.76
C_4h_4h,rsi,ema,AMZN/USD,2,1,1,0.0,-0.295
C_4h_4h,rsi,adx,AMZN/USD,2,43,34,47.1,0.007
C_4h_4h,rsi,vol,AMZN/USD,2,21,17,52.9,-0.042
C_4h_4h,macd,(solo),AMZN/USD,1,1334,862,47.9,-0.004
C_4h_4h,macd,rsi,AMZN/USD,1,667,464,46.3,-0.015
C_4h_4h,macd,bb,AMZN/USD,1,661,458,47.2,-0.001
C_4h_4h,macd,ema,AMZN/USD,1,641,429,45.2,-0.007
C_4h_4h,macd,adx,AMZN/USD,1,1021,659,47.6,-0.014
C_4h_4h,macd,vol,AMZN/USD,1,637,436,46.6,-0.018
C_4h_4h,macd,(solo),AMZN/USD,2,1333,1012,48.0,-0.002
C_4h_4h,macd,rsi,AMZN/USD,2,667,524,47.1,0.014
C_4h_4h,macd,bb,AMZN/USD,2,661,530,48.3,0.029
C_4h_4h,macd,ema,AMZN/USD,2,641,497,46.1,0.01
C_4h_4h,macd,adx,AMZN/USD,2,1020,765,48.0,-0.002
C_4h_4h,macd,vol,AMZN/USD,2,637,514,47.9,-0.01
C_4h_4h,bb,(solo),AMZN/USD,1,221,151,51.7,0.012
C_4h_4h,bb,rsi,AMZN/USD,1,40,23,30.4,-0.063
C_4h_4h,bb,macd,AMZN/USD,1,28,15,40.0,-0.059
C_4h_4h,bb,ema,AMZN/USD,1,64,41,41.5,-0.059
C_4h_4h,bb,adx,AMZN/USD,1,179,126,54.0,0.039
C_4h_4h,bb,vol,AMZN/USD,1,129,88,46.6,-0.034
C_4h_4h,bb,(solo),AMZN/USD,2,221,166,52.4,0.073
C_4h_4h,bb,rsi,AMZN/USD,2,40,25,48.0,0.033
C_4h_4h,bb,macd,AMZN/USD,2,28,17,41.2,-0.009
C_4h_4h,bb,ema,AMZN/USD,2,64,44,52.3,-0.024
C_4h_4h,bb,adx,AMZN/USD,2,179,133,53.4,0.149
C_4h_4h,bb,vol,AMZN/USD,2,129,96,46.9,-0.033
