combo_id,symbol,stop_mode,atr_mult,wick_buffer_frac,require_pattern,rr_ratio,num_trades,win_rate,profit_factor,pnl_net_total,max_drawdown_pct
1,BTC,atr,1.0,,False,2.0,365,47.12328767123288,1.0236196259414436,135.46987163531207,-43.429952421679666
1,ETH,atr,1.0,,False,2.0,393,46.81933842239186,1.107438981468017,743.5461006535725,-48.549576331339324
1,XAUT,atr,1.0,,False,2.0,348,36.206896551724135,0.4559374720344591,-966.6413010300801,-96.76805392205982
1,SP500/USD,atr,1.0,,False,2.0,161,42.2360248447205,0.47509237954826394,-785.2936742922318,-78.64741598391844
1,NASDAQ100/USD,atr,1.0,,False,2.0,158,33.54430379746836,0.4909546930776106,-787.5031402707657,-80.38362349440263
1,OIL_BRENT/USD,atr,1.0,,False,2.0,105,46.666666666666664,1.135796401836935,205.82940601503606,-20.038019323290655
1,SILVER/USD,atr,1.0,,False,2.0,144,35.41666666666667,0.6645339566225061,-554.0018602259668,-60.11871711746159
1,HYPE,atr,1.0,,False,2.0,389,42.9305912596401,1.133100275711291,1344.7968520188442,-34.941156984587664
1,AAPL/USD,atr,1.0,,False,2.0,201,41.29353233830846,0.5970073941147657,-728.5031739842009,-77.89138854984769
1,AMZN/USD,atr,1.0,,False,2.0,182,37.91208791208791,0.5947386678683838,-722.631670931695,-76.73629813431086
2,BTC,atr,1.0,,True,2.0,254,43.7007874015748,0.8859443198972032,-358.1716251398392,-46.8426869548065
2,ETH,atr,1.0,,True,2.0,257,47.081712062256805,1.1763025264069373,610.0547416156746,-31.038228903936034
2,XAUT,atr,1.0,,True,2.0,260,39.23076923076923,0.5433990927127225,-880.5068718322032,-88.2426521961658
2,SP500/USD,atr,1.0,,True,2.0,117,45.2991452991453,0.5208442634203166,-630.315571073715,-64.6483788911454
2,NASDAQ100/USD,atr,1.0,,True,2.0,107,28.971962616822427,0.3719715973545937,-750.1845520040924,-76.2791095012691
2,OIL_BRENT/USD,atr,1.0,,True,2.0,67,53.73134328358209,1.4449806736592636,390.7722572281714,-11.349980349016606
2,SILVER/USD,atr,1.0,,True,2.0,96,29.166666666666668,0.43508446562067,-629.430375053608,-62.9430375053608
2,HYPE,atr,1.0,,True,2.0,282,43.61702127659575,1.1404732124114179,963.7984781896423,-32.84795175933136
2,AAPL/USD,atr,1.0,,True,2.0,143,41.95804195804196,0.6015923012279488,-613.8222864970293,-68.63783369597837
2,AMZN/USD,atr,1.0,,True,2.0,137,34.306569343065696,0.4740067727613304,-738.5386791681303,-76.18798002712657
3,BTC,atr,1.2,,False,2.0,347,47.262247838616716,1.0887434091865247,424.1941032710952,-30.946694066920305
3,ETH,atr,1.2,,False,2.0,376,49.202127659574465,1.2469548853701855,1749.9133473718512,-29.250373711183602
3,XAUT,atr,1.2,,False,2.0,333,38.73873873873874,0.5310308894871995,-929.0045755339905,-93.13030375562559
3,SP500/USD,atr,1.2,,False,2.0,152,42.10526315789473,0.5525578899648358,-708.4407302239151,-71.90772835508615
3,NASDAQ100/USD,atr,1.2,,False,2.0,151,34.437086092715234,0.5195613987644826,-732.0544415906365,-74.97327392034144
3,OIL_BRENT/USD,atr,1.2,,False,2.0,100,46.0,1.098090598840327,139.75146967347632,-21.01758320065232
3,SILVER/USD,atr,1.2,,False,2.0,137,36.496350364963504,0.7246375195700824,-426.36749512682036,-47.77623251080718
3,HYPE,atr,1.2,,False,2.0,361,45.98337950138504,1.1935392410582435,1923.8903569630288,-29.8077322660806
3,AAPL/USD,atr,1.2,,False,2.0,191,37.696335078534034,0.5671707310260342,-727.1569956946375,-75.3788673034524
3,AMZN/USD,atr,1.2,,False,2.0,176,39.77272727272727,0.6759581293827295,-577.5267430826035,-63.692465185459014
4,BTC,atr,1.2,,True,2.0,244,44.67213114754098,0.9516849451265973,-137.08828475989299,-33.399342635341064
4,ETH,atr,1.2,,True,2.0,244,47.13114754098361,1.1702470036872006,489.7021513352006,-32.262580774303245
4,XAUT,atr,1.2,,True,2.0,249,40.963855421686745,0.5913872081544823,-833.6425215115693,-84.55705860227023
4,SP500/USD,atr,1.2,,True,2.0,112,42.857142857142854,0.5396834337754252,-594.1780831335964,-64.26212213583277
4,NASDAQ100/USD,atr,1.2,,True,2.0,106,29.245283018867923,0.3871479160305981,-721.9159982499853,-73.23430025355384
4,OIL_BRENT/USD,atr,1.2,,True,2.0,65,50.76923076923077,1.2199374519202437,181.4132108677975,-12.363707247807868
4,SILVER/USD,atr,1.2,,True,2.0,92,30.434782608695656,0.4882101009560019,-541.9422380687739,-54.194223806877396
4,HYPE,atr,1.2,,True,2.0,269,45.353159851301115,1.1711002764980474,1050.3399215905938,-31.59672134808811
4,AAPL/USD,atr,1.2,,True,2.0,136,36.76470588235294,0.5588861266688006,-625.8192807479006,-65.87378217587262
4,AMZN/USD,atr,1.2,,True,2.0,135,36.2962962962963,0.558983106939557,-628.4693658552765,-66.40723687099447
5,BTC,atr,1.5,,False,2.0,327,47.40061162079511,1.1273318876510656,471.888270561697,-31.620366336066585
5,ETH,atr,1.5,,False,2.0,347,51.008645533141205,1.3040151613261919,1662.7934785096636,-26.354330859352654
5,XAUT,atr,1.5,,False,2.0,314,42.038216560509554,0.6238985851878515,-830.5540841349736,-83.93772361455217
5,SP500/USD,atr,1.5,,False,2.0,138,47.10144927536232,0.6379738767773037,-531.0570369699535,-54.04665717339995
5,NASDAQ100/USD,atr,1.5,,False,2.0,142,35.2112676056338,0.5097783311016607,-670.9819969522018,-69.33232072341946
5,OIL_BRENT/USD,atr,1.5,,False,2.0,89,46.06741573033708,0.9840905339695801,-18.52376598285707,-26.134232583504584
5,SILVER/USD,atr,1.5,,False,2.0,126,42.857142857142854,0.9210815694564516,-109.56511615209263,-40.093365775224505
5,HYPE,atr,1.5,,False,2.0,326,49.079754601226995,1.2929495020102053,1970.3488288936155,-23.15735373140849
5,AAPL/USD,atr,1.5,,False,2.0,176,41.47727272727273,0.7401177422916975,-458.0894452862484,-52.36809669743637
5,AMZN/USD,atr,1.5,,False,2.0,167,41.91616766467065,0.77697187369672,-382.2237892520758,-51.51178286945566
6,BTC,atr,1.5,,True,2.0,234,44.44444444444444,0.990096430398606,-25.99260762924598,-29.784463387584143
6,ETH,atr,1.5,,True,2.0,234,51.70940170940172,1.354852533227758,990.9243959594451,-22.580154093003294
6,XAUT,atr,1.5,,True,2.0,239,43.93305439330544,0.6488935802378224,-728.3498324827822,-75.12019526941407
6,SP500/USD,atr,1.5,,True,2.0,106,46.22641509433962,0.558335664955081,-500.01223428244333,-55.2977854689447
6,NASDAQ100/USD,atr,1.5,,True,2.0,104,32.69230769230769,0.4288698760588889,-625.6579831018407,-64.04839763457045
6,OIL_BRENT/USD,atr,1.5,,True,2.0,61,50.81967213114754,1.1376742362401584,96.67166929417067,-13.835294900906788
6,SILVER/USD,atr,1.5,,True,2.0,85,37.64705882352941,0.6019422935506071,-371.96791975468125,-42.4703312650532
6,HYPE,atr,1.5,,True,2.0,246,47.15447154471545,1.1975889745499941,833.1875787979307,-20.442011364926206
6,AAPL/USD,atr,1.5,,True,2.0,130,36.15384615384615,0.6122630332820467,-512.2201370046448,-56.394095891345216
6,AMZN/USD,atr,1.5,,True,2.0,128,39.0625,0.6856536305135553,-422.76866346604197,-48.95800204474788
7,BTC,atr,1.8,,False,2.0,303,50.165016501650165,1.2659028624628959,952.0471711345701,-14.464163328757499
7,ETH,atr,1.8,,False,2.0,327,50.764525993883794,1.234911946427609,850.1641445394771,-19.72040265747208
7,XAUT,atr,1.8,,False,2.0,294,41.49659863945578,0.6370518139062962,-780.0334406439528,-79.69060730218509
7,SP500/USD,atr,1.8,,False,2.0,132,48.484848484848484,0.6235234000439608,-473.9124399996916,-50.15096511479028
7,NASDAQ100/USD,atr,1.8,,False,2.0,136,35.294117647058826,0.5123789545982587,-616.2702339340223,-64.15818608249688
7,OIL_BRENT/USD,atr,1.8,,False,2.0,86,45.348837209302324,0.9283875098660858,-70.92039897547613,-24.461901261060916
7,SILVER/USD,atr,1.8,,False,2.0,121,41.32231404958678,0.815549453919652,-235.31941841912158,-36.87181794417267
7,HYPE,atr,1.8,,False,2.0,301,49.83388704318937,1.2286354676660307,1154.3966571170326,-19.43040915602243
7,AAPL/USD,atr,1.8,,False,2.0,167,41.31736526946108,0.7371824341988455,-402.4530319895749,-46.090548081600964
7,AMZN/USD,atr,1.8,,False,2.0,159,44.0251572327044,0.8141025028515366,-293.60068846643856,-47.480395329758
8,BTC,atr,1.8,,True,2.0,220,45.909090909090914,1.0962946579863766,221.11403492653858,-24.75461274178784
8,ETH,atr,1.8,,True,2.0,225,50.66666666666667,1.1603286535187585,341.42096066693875,-16.038201866797657
8,XAUT,atr,1.8,,True,2.0,228,42.98245614035088,0.6241003672805678,-713.7066730020456,-73.74745443491244
8,SP500/USD,atr,1.8,,True,2.0,104,46.15384615384615,0.549346393552332,-459.3916176693664,-52.606805552460656
8,NASDAQ100/USD,atr,1.8,,True,2.0,102,32.35294117647059,0.39802919190483654,-598.8604997163653,-61.40446693007024
8,OIL_BRENT/USD,atr,1.8,,True,2.0,60,51.66666666666667,1.1390236885790372,88.56199099684704,-14.031243359035333
8,SILVER/USD,atr,1.8,,True,2.0,84,38.095238095238095,0.60252194926655,-361.61554838691177,-36.19938909232295
8,HYPE,atr,1.8,,True,2.0,223,47.98206278026906,1.184327656333416,590.8277462865485,-22.61255139291884
8,AAPL/USD,atr,1.8,,True,2.0,124,35.483870967741936,0.6426780434820921,-437.00797934759794,-49.09526873028469
8,AMZN/USD,atr,1.8,,True,2.0,123,41.46341463414634,0.7519738522857276,-305.12938599451127,-42.21177075829638
9,BTC,atr,2.0,,False,2.0,288,48.61111111111111,1.2493330526496118,744.0812992090039,-16.80748306461329
9,ETH,atr,2.0,,False,2.0,318,50.0,1.1073675495845612,284.70373936916485,-26.96676969585586
9,XAUT,atr,2.0,,False,2.0,287,41.81184668989547,0.66521063232737,-728.7838268582775,-74.9538425128003
9,SP500/USD,atr,2.0,,False,2.0,128,49.21875,0.6564085955497567,-399.40636616686766,-43.220706517902876
9,NASDAQ100/USD,atr,2.0,,False,2.0,130,38.46153846153847,0.5914565312086693,-477.9343561309198,-51.097677109125094
9,OIL_BRENT/USD,atr,2.0,,False,2.0,83,48.19277108433735,0.9581942889217946,-34.677145829072174,-15.901225745254106
9,SILVER/USD,atr,2.0,,False,2.0,117,41.88034188034188,0.8654680390181898,-161.29123281774787,-32.72587224886749
9,HYPE,atr,2.0,,False,2.0,285,50.175438596491226,1.2310473075471933,921.5015816609878,-16.17589372903995
9,AAPL/USD,atr,2.0,,False,2.0,161,40.993788819875775,0.8003685898636546,-288.14523847432906,-36.477289861420665
9,AMZN/USD,atr,2.0,,False,2.0,157,43.31210191082803,0.7686467558638809,-348.5955271384338,-48.665461801244824
10,BTC,atr,2.0,,True,2.0,215,45.11627906976744,1.1307096657946567,277.83359920360726,-20.937953663477053
10,ETH,atr,2.0,,True,2.0,219,49.31506849315068,1.009723041419902,15.986561117304518,-24.592439970824202
10,XAUT,atr,2.0,,True,2.0,220,42.72727272727273,0.6396355551303129,-661.6208285352994,-68.6561808469436
10,SP500/USD,atr,2.0,,True,2.0,104,45.19230769230769,0.5200069174727772,-454.2751393817224,-51.761395755219
10,NASDAQ100/USD,atr,2.0,,True,2.0,99,34.34343434343434,0.4572110881584627,-510.77521727640425,-52.93270056594256
10,OIL_BRENT/USD,atr,2.0,,True,2.0,58,55.172413793103445,1.1233799873350148,66.85985019942109,-13.604476930518711
10,SILVER/USD,atr,2.0,,True,2.0,83,38.55421686746988,0.6149629152037267,-336.95103521009764,-34.382836744929016
10,HYPE,atr,2.0,,True,2.0,216,49.074074074074076,1.1782742309021788,505.54953541873647,-21.83886864609489
10,AAPL/USD,atr,2.0,,True,2.0,123,35.77235772357724,0.6959715696873705,-352.7868058301792,-42.212518147053444
10,AMZN/USD,atr,2.0,,True,2.0,122,40.98360655737705,0.7177994625099379,-334.08568226751277,-42.30771402969488
11,BTC,atr,2.5,,False,2.0,271,48.708487084870846,1.2727063018987688,610.0363637648463,-13.88462169772128
11,ETH,atr,2.5,,False,2.0,303,51.48514851485149,1.1569863113274435,344.9926730737179,-27.12027204748036
11,XAUT,atr,2.5,,False,2.0,274,42.700729927007295,0.7118681338459466,-607.2193692969233,-64.55789882425
11,SP500/USD,atr,2.5,,False,2.0,121,46.28099173553719,0.5796294591884146,-406.0204058130613,-41.936121534147496
11,NASDAQ100/USD,atr,2.5,,False,2.0,122,40.16393442622951,0.6080220697185219,-390.3151237960626,-40.90386063548277
11,OIL_BRENT/USD,atr,2.5,,False,2.0,78,50.0,1.0331959493323868,20.95097893129514,-9.507328074620437
11,SILVER/USD,atr,2.5,,False,2.0,111,42.34234234234234,0.8624685232451829,-138.351199612036,-32.282332013177296
11,HYPE,atr,2.5,,False,2.0,257,49.0272373540856,1.2047529066587828,544.6932834803508,-18.28652339839216
11,AAPL/USD,atr,2.5,,False,2.0,152,44.07894736842105,0.8946947289579498,-133.0928135055027,-25.934202888421794
11,AMZN/USD,atr,2.5,,False,2.0,147,44.21768707482993,0.7628431548684771,-306.4540029219962,-46.504922971374235
12,BTC,atr,2.5,,True,2.0,205,43.41463414634146,1.1026714761963488,163.08994579457135,-21.44161808839436
12,ETH,atr,2.5,,True,2.0,208,50.0,1.0943194379267973,136.09225785169883,-19.954209260228886
12,XAUT,atr,2.5,,True,2.0,213,45.07042253521127,0.6745097136212501,-561.9307457305383,-58.9830522905069
12,SP500/USD,atr,2.5,,True,2.0,101,44.554455445544555,0.4626741119316976,-438.5619872072891,-46.40590210248175
12,NASDAQ100/USD,atr,2.5,,True,2.0,89,38.20224719101123,0.5559702859166503,-346.5318106963466,-35.28752852919237
12,OIL_BRENT/USD,atr,2.5,,True,2.0,55,56.36363636363636,1.2759341223659375,115.25166968204098,-10.299615681009834
12,SILVER/USD,atr,2.5,,True,2.0,76,38.15789473684211,0.5442049206356853,-329.82536898283274,-34.09249531266889
12,HYPE,atr,2.5,,True,2.0,197,48.223350253807105,1.1229254873565386,238.53716910489743,-24.183936344327673
12,AAPL/USD,atr,2.5,,True,2.0,118,38.983050847457626,0.8193582928621338,-186.5825878456402,-31.922903663464297
12,AMZN/USD,atr,2.5,,True,2.0,117,41.88034188034188,0.7067501608230542,-308.06758800721707,-43.121986143632704
13,BTC,atr,3.0,,False,2.0,264,48.86363636363637,1.2842642692417727,514.98915378078,-12.538496665910282
13,ETH,atr,3.0,,False,2.0,292,52.3972602739726,1.1986956139255236,369.85867345581096,-21.989858031599752
13,XAUT,atr,3.0,,False,2.0,260,40.76923076923077,0.7416293952055875,-484.70723178176695,-52.83860669482458
13,SP500/USD,atr,3.0,,False,2.0,119,45.378151260504204,0.5064295099425725,-416.59481276452686,-42.75427563736285
13,NASDAQ100/USD,atr,3.0,,False,2.0,117,39.31623931623932,0.5714257072576474,-353.4217875670265,-37.22006382378177
13,OIL_BRENT/USD,atr,3.0,,False,2.0,76,51.31578947368421,1.0561458268786812,31.30522129377505,-9.639668749791861
13,SILVER/USD,atr,3.0,,False,2.0,104,42.30769230769231,0.7988017373140246,-160.8770260765815,-29.361434352251898
13,HYPE,atr,3.0,,False,2.0,211,48.81516587677725,1.2603770291154688,404.62543777933774,-11.099548709135997
13,AAPL/USD,atr,3.0,,False,2.0,142,42.95774647887324,0.8226784657131136,-183.58220315741903,-30.522271842143418
13,AMZN/USD,atr,3.0,,False,2.0,140,47.14285714285714,0.8832527037456265,-130.5172916905599,-33.1849727918879
14,BTC,atr,3.0,,True,2.0,203,43.84236453201971,1.0651938100714415,84.41328493898573,-13.574805524702768
14,ETH,atr,3.0,,True,2.0,200,51.5,1.094960495238554,114.18788442953269,-13.320227521508182
14,XAUT,atr,3.0,,True,2.0,207,44.44444444444444,0.7230925889606529,-439.1873664624036,-47.430416373445155
14,SP500/USD,atr,3.0,,True,2.0,99,44.44444444444444,0.46379930935356756,-388.4516311438215,-41.966907174862634
14,NASDAQ100/USD,atr,3.0,,True,2.0,85,35.294117647058826,0.45948843209932877,-345.7845440708695,-35.331527444803534
14,OIL_BRENT/USD,atr,3.0,,True,2.0,54,61.111111111111114,1.459551660723173,156.32812169950034,-6.99759897103929
14,SILVER/USD,atr,3.0,,True,2.0,72,37.5,0.4932395366660028,-313.1131449640168,-31.31131449640168
14,HYPE,atr,3.0,,True,2.0,166,47.59036144578313,1.116494305776695,142.61518152091412,-12.980809553953133
14,AAPL/USD,atr,3.0,,True,2.0,113,38.93805309734513,0.7671082311016137,-199.0794934759324,-30.600427718862893
14,AMZN/USD,atr,3.0,,True,2.0,111,43.24324324324324,0.7979321044378239,-183.0917869867144,-33.54410479832819
15,BTC,wick,,0.0,False,2.0,367,42.77929155313351,0.7823980027293146,-652.7804215640315,-68.25808224927519
15,ETH,wick,,0.0,False,2.0,381,48.29396325459317,1.1617731443898875,1018.1665470746095,-29.79415632164989
15,XAUT,wick,,0.0,False,2.0,331,37.764350453172206,0.5403837970543477,-900.7611060388397,-90.30536910144406
15,SP500/USD,wick,,0.0,False,2.0,157,39.490445859872615,0.3731137652195075,-817.7894380678242,-81.77894380678242
15,NASDAQ100/USD,wick,,0.0,False,2.0,152,36.18421052631579,0.43424542814157585,-760.2264131990463,-76.33688405818877
15,OIL_BRENT/USD,wick,,0.0,False,2.0,101,43.56435643564357,0.8761811575576812,-166.69704774922673,-30.046397255285623
15,SILVER/USD,wick,,0.0,False,2.0,149,37.58389261744966,0.5655771695409536,-596.0031640368012,-61.9871322338278
15,HYPE,wick,,0.0,False,2.0,394,46.954314720812185,1.2470257648772225,2689.9272199353672,-27.858395408913537
15,AAPL/USD,wick,,0.0,False,2.0,188,38.82978723404255,0.5661592747566602,-702.6642067842954,-70.3519844008064
15,AMZN/USD,wick,,0.0,False,2.0,184,38.58695652173913,0.5136644146993523,-781.8392133045728,-79.6544055450542
16,BTC,wick,,0.0,True,2.0,251,44.223107569721115,0.9158512101369741,-270.9030916389155,-41.603114589133504
16,ETH,wick,,0.0,True,2.0,246,48.3739837398374,1.18670775565381,601.9148383457118,-24.21409105648078
16,XAUT,wick,,0.0,True,2.0,247,38.46153846153847,0.5399314149634724,-827.6944091620909,-82.76944091620909
16,SP500/USD,wick,,0.0,True,2.0,114,37.719298245614034,0.3405986602722063,-729.9519795488432,-73.82757644495244
16,NASDAQ100/USD,wick,,0.0,True,2.0,104,32.69230769230769,0.3833434696474205,-678.4037851582063,-68.00892533972237
16,OIL_BRENT/USD,wick,,0.0,True,2.0,66,43.93939393939394,0.8869191167735476,-100.41530461177274,-24.479452978417598
16,SILVER/USD,wick,,0.0,True,2.0,93,36.55913978494624,0.4720716989644231,-504.16221738001957,-54.088225237360064
16,HYPE,wick,,0.0,True,2.0,274,46.715328467153284,1.2707691720871765,1749.646610935065,-20.79996263355688
16,AAPL/USD,wick,,0.0,True,2.0,137,38.68613138686132,0.6674561264858224,-519.4857391369401,-58.41131688659299
16,AMZN/USD,wick,,0.0,True,2.0,136,36.76470588235294,0.46497497908769353,-717.6105974879308,-73.3375300325635
17,BTC,wick,,0.1,False,2.0,354,42.3728813559322,0.8047636953201321,-604.5924178376166,-64.45778941861863
17,ETH,wick,,0.1,False,2.0,371,47.16981132075472,1.1152385590268001,587.0751605151734,-35.73556113813582
17,XAUT,wick,,0.1,False,2.0,322,36.95652173913043,0.5595257897980918,-886.351397441196,-88.88541210947413
17,SP500/USD,wick,,0.1,False,2.0,152,41.44736842105263,0.3994832062604093,-769.0411768904329,-76.90411768904329
17,NASDAQ100/USD,wick,,0.1,False,2.0,150,36.0,0.45470326289549046,-739.231084311178,-74.34004662837499
17,OIL_BRENT/USD,wick,,0.1,False,2.0,97,46.391752577319586,0.999392288439257,-0.7732486001372081,-19.020050387760154
17,SILVER/USD,wick,,0.1,False,2.0,138,40.57971014492754,0.7039736113272953,-387.39753881644003,-53.74043775402774
17,HYPE,wick,,0.1,False,2.0,382,46.8586387434555,1.2197554837794309,2719.694057808718,-28.959503966041755
17,AAPL/USD,wick,,0.1,False,2.0,181,39.226519337016576,0.5528630827371953,-685.851469549479,-68.74687703087167
17,AMZN/USD,wick,,0.1,False,2.0,177,41.80790960451977,0.5855062753425702,-671.129586510167,-70.26809019496984
18,BTC,wick,,0.1,True,2.0,245,42.04081632653061,0.9058953220092251,-296.54432437639196,-48.81336178557938
18,ETH,wick,,0.1,True,2.0,243,47.73662551440329,1.1715705495723439,521.8476600372385,-32.32923749529881
18,XAUT,wick,,0.1,True,2.0,240,38.75,0.5830459891898727,-779.820543750498,-77.9820543750498
18,SP500/USD,wick,,0.1,True,2.0,111,41.44144144144144,0.4060805210789845,-637.7805286966407,-65.01778488479478
18,NASDAQ100/USD,wick,,0.1,True,2.0,102,32.35294117647059,0.4254977884689999,-642.9273139206812,-64.47244694641111
18,OIL_BRENT/USD,wick,,0.1,True,2.0,65,47.69230769230769,1.0373247552275677,30.677108323218818,-14.125447114178161
18,SILVER/USD,wick,,0.1,True,2.0,86,37.2093023255814,0.49517366636359705,-441.6666453125524,-52.34959698904471
18,HYPE,wick,,0.1,True,2.0,270,47.40740740740741,1.2924695104505992,2190.860788824124,-24.615138575858577
18,AAPL/USD,wick,,0.1,True,2.0,132,37.121212121212125,0.6146297575151844,-556.6935330450942,-60.098232814985664
18,AMZN/USD,wick,,0.1,True,2.0,131,38.16793893129771,0.517235603370549,-642.5469176324294,-66.2293821390683
19,BTC,wick,,0.2,False,2.0,346,44.21965317919075,0.9004519436050374,-359.1663001626755,-47.590940776219284
19,ETH,wick,,0.2,False,2.0,367,46.59400544959128,1.0520521060894428,226.43984796400537,-39.23132671745
19,XAUT,wick,,0.2,False,2.0,315,38.41269841269842,0.5969935454272433,-843.8345633149793,-84.71199715706689
19,SP500/USD,wick,,0.2,False,2.0,149,44.29530201342282,0.4438117582452351,-721.4372332037099,-72.143723320371
19,NASDAQ100/USD,wick,,0.2,False,2.0,148,35.810810810810814,0.44815989867340106,-727.5828017618566,-73.2686495968061
19,OIL_BRENT/USD,wick,,0.2,False,2.0,96,45.83333333333333,0.9754116352562154,-29.7664490154051,-17.608009047782858
19,SILVER/USD,wick,,0.2,False,2.0,131,41.98473282442748,0.7835430701841306,-284.5626839015906,-44.47581734233684
19,HYPE,wick,,0.2,False,2.0,367,46.59400544959128,1.1945669812085753,2182.4558386681783,-33.64972119967984
19,AAPL/USD,wick,,0.2,False,2.0,178,38.764044943820224,0.5892588750648088,-613.6347277358861,-61.624755167442025
19,AMZN/USD,wick,,0.2,False,2.0,172,43.604651162790695,0.6287082904926597,-587.6860615688283,-63.45296085302019
20,BTC,wick,,0.2,True,2.0,242,42.561983471074385,0.9202666998503665,-240.9349500763849,-41.18366036425438
20,ETH,wick,,0.2,True,2.0,241,46.88796680497925,1.092968915379589,236.82989114559132,-33.04490123599632
20,XAUT,wick,,0.2,True,2.0,237,40.50632911392405,0.643323568865504,-710.0399410189987,-71.50647947884804
20,SP500/USD,wick,,0.2,True,2.0,109,45.87155963302752,0.4760942566728474,-567.4426995866208,-58.56879786947991
20,NASDAQ100/USD,wick,,0.2,True,2.0,101,31.683168316831683,0.39911289342219186,-650.6644705614463,-65.235559381722
20,OIL_BRENT/USD,wick,,0.2,True,2.0,65,49.23076923076923,1.0951518438884182,76.23043412865809,-13.143573260040403
20,SILVER/USD,wick,,0.2,True,2.0,84,39.285714285714285,0.5558339579701987,-386.525416639587,-43.211661969277884
20,HYPE,wick,,0.2,True,2.0,261,47.89272030651341,1.2875940332237348,2069.5253808864813,-27.394654535043
20,AAPL/USD,wick,,0.2,True,2.0,127,37.79527559055118,0.6883399210247363,-442.1978618948822,-54.81228471458306
20,AMZN/USD,wick,,0.2,True,2.0,129,38.759689922480625,0.5259138840280669,-617.809934047613,-63.80694411032848
21,BTC,wick,,0.3,False,2.0,331,46.22356495468278,0.9987909582255426,-5.0947066966626835,-33.123850862666636
21,ETH,wick,,0.3,False,2.0,361,47.368421052631575,1.0915654781949449,388.22367261327076,-32.56265428234346
21,XAUT,wick,,0.3,False,2.0,309,39.482200647249186,0.627561761874462,-810.820575971959,-81.46303675797976
21,SP500/USD,wick,,0.3,False,2.0,144,45.83333333333333,0.5052446464497526,-659.406976370656,-66.55560232073316
21,NASDAQ100/USD,wick,,0.3,False,2.0,141,35.46099290780142,0.4741599712538048,-675.4547254798615,-68.22295184395912
21,OIL_BRENT/USD,wick,,0.3,False,2.0,92,45.65217391304348,0.9975934576554529,-2.6936546216363695,-16.750226748912997
21,SILVER/USD,wick,,0.3,False,2.0,128,42.1875,0.7478841350794295,-311.33780243514025,-45.65803573323298
21,HYPE,wick,,0.3,False,2.0,350,46.285714285714285,1.1803682335377097,1787.7856167845916,-29.55822230703672
21,AAPL/USD,wick,,0.3,False,2.0,175,39.42857142857143,0.6192809991435886,-556.3305786262341,-55.98704342835974
21,AMZN/USD,wick,,0.3,False,2.0,167,41.31736526946108,0.5830802852156863,-627.3453689536477,-67.35068960448847
22,BTC,wick,,0.3,True,2.0,232,43.103448275862064,0.9616059420163114,-105.2730197526181,-29.27513913033976
22,ETH,wick,,0.3,True,2.0,240,47.083333333333336,1.1130212359073273,289.5469922127063,-30.82668977900714
22,XAUT,wick,,0.3,True,2.0,234,41.88034188034188,0.6677312637266674,-675.902375020054,-68.60301906118687
22,SP500/USD,wick,,0.3,True,2.0,106,46.22641509433962,0.5305323759429081,-513.0451646701532,-56.3110128413958
22,NASDAQ100/USD,wick,,0.3,True,2.0,99,31.313131313131315,0.3963022478965722,-635.7722102272766,-63.74706176425127
22,OIL_BRENT/USD,wick,,0.3,True,2.0,62,51.61290322580645,1.1670705012916693,117.69318052666426,-11.367206507662306
22,SILVER/USD,wick,,0.3,True,2.0,84,40.476190476190474,0.5604141581452542,-368.6217002515592,-44.13645187701563
22,HYPE,wick,,0.3,True,2.0,255,45.09803921568628,1.1901989352526765,1090.5579300572413,-29.40736632808087
22,AAPL/USD,wick,,0.3,True,2.0,122,38.52459016393443,0.7044384377693791,-378.77295197496255,-49.37910828293701
22,AMZN/USD,wick,,0.3,True,2.0,129,37.98449612403101,0.5205317557362515,-609.2536442217267,-63.031722552760584
