num_trades,win_rate,profit_factor,total_return_pct,max_drawdown_pct,avg_r_multiple,final_capital,total_fees,symbol,min_swing_percentile,tp_rr_ratio
109,40.36697247706422,0.6186447917159286,-48.419345893433125,-51.86429071691007,-0.28804310354462037,515.8065410656687,289.8455456779027,BTC,0,1.5
93,50.53763440860215,1.1294410218081135,13.760079835333977,-16.698058990569493,0.08401955016108366,1137.6007983533398,246.01871600178998,ETH,0,1.5
81,44.44444444444444,0.6222452359571384,-36.888289052018656,-38.93715142957356,-0.2697312916298382,631.1171094798134,326.0384881373987,XAUT,0,1.5
91,53.84615384615385,0.8096770403666219,-21.222429751666255,-28.83794613678502,-0.1160035907368585,787.7757024833375,486.64123170920215,SP500/USD,0,1.5
85,54.11764705882353,0.9187262082409463,-8.552994644739726,-21.907461723567337,-0.03786915201041077,914.4700535526027,410.1889992768558,NASDAQ100/USD,0,1.5
46,56.52173913043478,1.3638038077423007,21.30487842555174,-11.540712513273363,0.22594015488478755,1213.0487842555174,132.2110478869657,OIL_BRENT/USD,0,1.5
41,58.536585365853654,1.3515688511113813,17.009299813442293,-11.819550431782618,0.20667527805062505,1170.092998134423,135.02510908756238,SILVER/USD,0,1.5
115,52.17391304347826,1.296387213083809,44.258527944786394,-14.366412677104067,0.17505548292935932,1442.585279447864,240.55142589359968,HYPE/USD,0,1.5
61,50.81967213114754,0.8604414177981473,-9.952812852565865,-20.111996451748336,-0.07070563123262956,900.4718714743414,242.16909114404507,AAPL/USD,0,1.5
85,48.23529411764706,0.84033009396822,-18.401725074161174,-37.562563142877934,-0.10451115049900993,815.9827492583883,329.93330207781804,AMZN/USD,0,1.5
107,33.64485981308411,0.6274632031812867,-51.604674362606,-56.735732122733616,-0.3192934276300195,483.95325637394,288.29382291250437,BTC,0,2.0
92,42.391304347826086,1.0522908585719202,5.855042956068655,-25.649015796597872,0.05068690282171046,1058.5504295606866,218.32279451025585,ETH,0,2.0
81,35.80246913580247,0.5504307912478574,-47.29321866323843,-49.78788902090774,-0.37726066504627565,527.0678133676157,302.81523121481723,XAUT,0,2.0
91,52.74725274725275,0.9712583132164577,-3.708023720032225,-21.186419462703427,-0.0014786064375229362,962.9197627996778,545.7092586451602,SP500/USD,0,2.0
85,49.411764705882355,1.0759331037809357,9.362721934014939,-17.14617220537291,0.07225536118871925,1093.6272193401494,451.9166011980782,NASDAQ100/USD,0,2.0
46,45.65217391304348,1.2011603284802332,13.650883643701627,-21.446947143918642,0.16100847098480936,1136.5088364370163,124.07986031081391,OIL_BRENT/USD,0,2.0
40,52.5,1.2959303207391382,16.119637452917438,-17.305126306179446,0.20668112345976217,1161.1963745291744,133.95627203589623,SILVER/USD,0,2.0
115,46.08695652173913,1.3670787906135744,62.350914635310616,-16.913493243400048,0.23271646561530543,1623.5091463531062,244.1605763443097,HYPE/USD,0,2.0
61,49.18032786885246,1.0856485429853306,6.953603468004917,-17.559524671179567,0.07546175682891539,1069.5360346800492,267.15034771445005,AAPL/USD,0,2.0
85,47.05882352941176,1.049409618343391,7.032145814085311,-35.83043576242845,0.06087917152801999,1070.321458140853,389.36831361224534,AMZN/USD,0,2.0
107,28.037383177570092,0.5721351787515323,-60.2514638259542,-66.66106381703494,-0.4093873545281702,397.48536174045796,276.80659121963885,BTC,0,2.5
92,39.130434782608695,1.132310383552337,16.207225174175026,-35.200183190996746,0.10708706659100989,1162.0722517417503,225.3266907154611,ETH,0,2.5
81,33.33333333333333,0.5561639290944673,-47.99755353400451,-50.766699445892925,-0.38305041486667035,520.0244646599549,299.02774701617614,XAUT,0,2.5
90,51.11111111111111,1.111234441849382,16.11260223556626,-20.626453148994365,0.10815243508632104,1161.1260223556626,589.1593712638063,SP500/USD,0,2.5
84,42.857142857142854,0.9985933692998221,-0.18411894282750155,-22.47406701058837,0.02367212623293881,998.158810571725,423.3100398913145,NASDAQ100/USD,0,2.5
45,40.0,1.132907964201699,9.721661853254703,-23.080621546254516,0.13005752792486502,1097.216618532547,122.79144941462441,OIL_BRENT/USD,0,2.5
40,47.5,1.2607385445036015,16.79494839028239,-16.824730132359882,0.21994740331183937,1167.9494839028239,141.10626449729375,SILVER/USD,0,2.5
114,39.473684210526315,1.3058542743980186,49.48598982014646,-29.071855512552368,0.20374150433094423,1494.8598982014646,211.79338432859728,HYPE/USD,0,2.5
61,47.540983606557376,1.2387051170711978,21.29062938037682,-15.908633736994751,0.18429320934907253,1212.9062938037682,284.84942298740094,AAPL/USD,0,2.5
85,42.35294117647059,1.0204962871967245,2.9594337060348836,-33.389472967353484,0.042337289303006016,1029.5943370603488,368.2829295806826,AMZN/USD,0,2.5
107,28.037383177570092,0.6045565438693343,-57.81472705565952,-65.38122578375027,-0.3795266201604376,421.8527294434048,286.67290742881613,BTC,0,3.0
92,36.95652173913043,1.1395959857607953,19.228997815841627,-32.041343221259964,0.1251372883638609,1192.2899781584163,243.4533978188923,ETH,0,3.0
81,33.33333333333333,0.6453362160445921,-40.8818012216358,-44.25963824282101,-0.3001429373996597,591.1819877836421,317.03783784370086,XAUT,0,3.0
90,45.55555555555556,0.9376630514091956,-8.085486389175959,-31.550085644285126,-0.01821516070030907,919.1451361082404,473.10884072257204,SP500/USD,0,3.0
83,37.34939759036144,0.9254917542715776,-9.92372356610232,-28.41934233124823,-0.03465066705445895,900.7627643389768,400.92923506226646,NASDAQ100/USD,0,3.0
45,35.55555555555556,1.1099670828817612,8.343828800141477,-20.09188571719393,0.12029767997947213,1083.4382880014148,121.92066804309601,OIL_BRENT/USD,0,3.0
40,47.5,1.394014290008524,26.924908712378464,-16.23747520119805,0.3298983985860797,1269.2490871237846,149.46130046225898,SILVER/USD,0,3.0
112,36.607142857142854,1.3357881076856821,54.70895994808277,-25.61732829235288,0.22740406728253632,1547.0895994808277,206.5440101242855,HYPE/USD,0,3.0
61,42.62295081967213,1.122839281514865,11.473683947800305,-21.187392981269216,0.11937238341255416,1114.736839478003,269.67866054676324,AAPL/USD,0,3.0
84,34.523809523809526,0.8283234814807185,-23.667774556491427,-42.534781686895826,-0.13351059425145625,763.3222544350857,313.9413080127727,AMZN/USD,0,3.0
74,36.486486486486484,0.5612476420779433,-42.777646829194396,-46.308979756620104,-0.36133108026948496,572.223531708056,188.05137672145628,BTC,30,1.5
54,44.44444444444444,0.9103249765192831,-5.90908199905823,-15.604176283769677,-0.04205914826235325,940.9091800094177,127.1695701241119,ETH,30,1.5
67,41.7910447761194,0.5431408838263393,-37.36554312500615,-37.36554312500615,-0.3348352157610483,626.3445687499385,244.74375529259538,XAUT,30,1.5
59,61.016949152542374,1.1500295414949029,10.90520936622372,-13.555855675847209,0.10212638060129889,1109.0520936622372,350.30895639463523,SP500/USD,30,1.5
61,54.09836065573771,0.9349160220107783,-5.15658559516927,-24.661038698368255,-0.02917307103844797,948.4341440483073,310.68733725953905,NASDAQ100/USD,30,1.5
29,58.620689655172406,1.4881066056614656,17.71326314566461,-13.567926810815232,0.29808828115201425,1177.132631456646,74.92537537678609,OIL_BRENT/USD,30,1.5
28,57.14285714285714,1.438455501741548,13.667482077256318,-9.048179540486492,0.24388185976127047,1136.6748207725632,70.90724248416892,SILVER/USD,30,1.5
81,50.617283950617285,1.2384388573501686,25.17505658070324,-13.521386765901822,0.15433773688532537,1251.7505658070324,160.56642224472066,HYPE/USD,30,1.5
39,41.02564102564102,0.6077227607501973,-20.130972787222458,-20.130972787222458,-0.27253038258298995,798.6902721277754,130.64036208499252,AAPL/USD,30,1.5
60,53.333333333333336,1.0416666500002543,3.3504858514007765,-25.877951622615313,0.04288717248322936,1033.5048585140078,234.55047816413384,AMZN/USD,30,1.5
72,29.166666666666668,0.5536603659860837,-47.02303689393191,-50.416026538086186,-0.42141815509561703,529.7696310606809,183.23544381315975,BTC,30,2.0
53,32.075471698113205,0.6874967595641623,-22.090365433607108,-28.58419028244833,-0.21727772856904373,779.0963456639289,107.4918524624114,ETH,30,2.0
67,32.83582089552239,0.4941515882909231,-45.352420843909286,-45.352420843909286,-0.43271664002212706,546.4757915609072,230.97080563685634,XAUT,30,2.0
59,61.016949152542374,1.4524311741593479,37.90782426795761,-8.48850699233918,0.2923787811338801,1379.078242679576,395.67851357947023,SP500/USD,30,2.0
61,50.81967213114754,1.1341037730537555,12.393832923761101,-20.43463893153721,0.11507306133977901,1123.938329237611,343.1186028411907,NASDAQ100/USD,30,2.0
29,48.275862068965516,1.327200757028967,13.892530443026613,-15.386224314458493,0.24685354117274336,1138.9253044302661,73.40517679433023,OIL_BRENT/USD,30,2.0
28,50.0,1.4401826514908522,16.705878792476323,-12.42445514799557,0.2977157883327019,1167.0587879247632,73.47222920496105,SILVER/USD,30,2.0
81,45.67901234567901,1.377393817190425,45.29647829301259,-15.421398945003887,0.2529933970584802,1452.964782930126,167.01089543865538,HYPE/USD,30,2.0
39,41.02564102564102,0.7884922990129185,-11.353178270839761,-18.813619842906483,-0.13485878539742577,886.4682172916024,136.47374872966722,AAPL/USD,30,2.0
60,53.333333333333336,1.3837188066766288,37.12418898391313,-22.832344577066646,0.2855059620215197,1371.2418898391313,276.28042510576364,AMZN/USD,30,2.0
72,20.833333333333336,0.43598323855606574,-59.36864488225383,-62.91709099465835,-0.6050838970272958,406.31355117746165,168.09216097808473,BTC,30,2.5
53,30.18867924528302,0.7865297347279547,-16.039081067865858,-30.794076173804285,-0.14179282290866585,839.6091893213414,110.90255984850744,ETH,30,2.5
67,32.83582089552239,0.567679878250103,-40.40166949448911,-40.40166949448911,-0.36502663607364694,595.9833050551089,240.0444872128316,XAUT,30,2.5
59,57.6271186440678,1.5704283471396812,53.177825080646656,-11.753489338059499,0.3886588927192321,1531.7782508064665,402.81171587439707,SP500/USD,30,2.5
61,47.540983606557376,1.1700282074261736,16.998795282297284,-17.305647965737286,0.1536876717257736,1169.9879528229728,340.7118797356959,NASDAQ100/USD,30,2.5
29,41.37931034482759,1.2669499903548296,12.376280106093281,-19.50596530517706,0.22974492048308745,1123.7628010609328,71.6435444506162,OIL_BRENT/USD,30,2.5
28,46.42857142857143,1.5433076266403276,23.380966294861718,-14.449138727067238,0.4049086454755594,1233.8096629486172,76.94649021051102,SILVER/USD,30,2.5
80,37.5,1.2325625517386392,26.570987178577386,-29.356602405606985,0.17444878887130547,1265.7098717857739,141.96749739961257,HYPE/USD,30,2.5
39,41.02564102564102,0.9619453376978158,-2.1510163513066347,-18.813619842906483,-0.003262796352744222,978.4898364869337,143.47505268063225,AAPL/USD,30,2.5
60,46.666666666666664,1.2706613611249826,26.93249979672671,-22.91690048879727,0.22591662886941652,1269.324997967267,256.4158669108831,AMZN/USD,30,2.5
72,20.833333333333336,0.44573244921717975,-59.48966352686513,-63.40809513504099,-0.6064156392341007,405.1033647313487,171.3466404958453,BTC,30,3.0
53,28.30188679245283,0.8239579392591754,-14.116681929021263,-33.285622924019364,-0.11639326658606458,858.8331807097874,114.97586811860316,ETH,30,3.0
67,32.83582089552239,0.659708895192342,-33.531031330209395,-34.74649290464524,-0.2797205812254716,664.689686697906,252.41750031600438,XAUT,30,3.0
59,50.847457627118644,1.336284894563793,30.656559562182927,-17.200780239279254,0.2585074212708614,1306.5655956218293,343.3158203836672,SP500/USD,30,3.0
61,40.98360655737705,1.0567078635630118,5.941327873057639,-23.28160918519621,0.07661952473292487,1059.4132787305764,322.63537931086944,NASDAQ100/USD,30,3.0
29,34.48275862068966,1.1187189892436624,5.802960245182043,-19.174539642904005,0.1284296391885099,1058.0296024518204,70.50808001751818,OIL_BRENT/USD,30,3.0
28,46.42857142857143,1.614060616999029,26.747979156703355,-15.264174652759937,0.45808427797375595,1267.4797915670335,78.00651461756163,SILVER/USD,30,3.0
79,35.44303797468354,1.278530776251885,31.07479425976758,-27.31152153579184,0.20365303910528035,1310.7479425976758,135.51754696923916,HYPE/USD,30,3.0
39,38.46153846153847,1.0069718948149773,0.42125610583358364,-18.813619842906483,0.03526156262161521,1004.2125610583358,146.47509669174806,AAPL/USD,30,3.0
59,35.59322033898305,0.9341215326100778,-6.549827987995821,-32.459151835334836,-0.02768425027156823,934.5017201200418,215.73223140644285,AMZN/USD,30,3.0
43,37.2093023255814,0.6015424383505753,-23.821703690675953,-30.154816835307248,-0.3009734213705714,761.7829630932405,112.36571549545323,BTC,50,1.5
32,43.75,0.8819023767795687,-4.632981676835516,-10.375373212157701,-0.06006167521748731,953.6701832316448,71.7703602067655,ETH,50,1.5
45,44.44444444444444,0.6180551813723354,-22.833470895964876,-25.19166644915098,-0.27296196767043196,771.6652910403512,175.05767152616437,XAUT,50,1.5
43,60.46511627906976,1.0958547349557373,4.8896989215439595,-8.680309393924956,0.06989231585392361,1048.8969892154396,237.5712693975146,SP500/USD,50,1.5
43,46.51162790697674,0.705584394932297,-16.388388737975266,-22.307558910267804,-0.1934150491672636,836.1161126202473,175.00741837951097,NASDAQ100/USD,50,1.5
19,68.42105263157895,2.2293492740574714,22.619104023679597,-9.41967316132207,0.5537627834127166,1226.191040236796,45.73698591475953,OIL_BRENT/USD,50,1.5
19,52.63157894736842,1.3057813313060718,6.438353155523532,-9.967883851563789,0.17935156924293233,1064.3835315552353,45.63133258971146,SILVER/USD,50,1.5
60,56.666666666666664,1.5270565385221473,38.82455044101582,-12.32438567591047,0.2896388759669559,1388.2455044101582,119.38207516407155,HYPE/USD,50,1.5
27,37.03703703703704,0.5422663447303587,-18.2762611762406,-18.2762611762406,-0.35667130044010736,817.237388237594,98.67551481949418,AAPL/USD,50,1.5
37,59.45945945945946,1.3069731756404521,13.349706146345783,-12.597395971013938,0.18445550660927476,1133.4970614634578,144.66235641365574,AMZN/USD,50,1.5
41,24.390243902439025,0.4634836610638623,-35.37171237504537,-37.920198023811054,-0.513312545021391,646.2828762495463,103.75192221938565,BTC,50,2.0
31,29.03225806451613,0.5974184471566867,-17.608501916610088,-20.610437131375072,-0.2948825463171159,823.9149808338991,60.737863490839736,ETH,50,2.0
45,33.33333333333333,0.5237273394412283,-31.891168515758718,-32.65858807600181,-0.40754653268137075,681.0883148424128,164.44393576962784,XAUT,50,2.0
43,60.46511627906976,1.554521063688543,32.52650962613261,-8.224542579879577,0.34896208329578027,1325.265096261326,267.6044354873015,SP500/USD,50,2.0
43,44.18604651162791,0.8462338018161633,-9.388765147643927,-22.191609484071428,-0.09573248290856505,906.1123485235607,182.87471216823778,NASDAQ100/USD,50,2.0
19,57.89473684210527,1.9417786565093336,21.147879678623507,-10.379820447020332,0.5283044960759355,1211.478796786235,45.363796274482816,OIL_BRENT/USD,50,2.0
19,47.368421052631575,1.4360168743437063,10.501619805125937,-13.039571928768606,0.284835779769251,1105.0161980512594,46.57278709072697,SILVER/USD,50,2.0
60,50.0,1.5993994986156284,50.57353587181744,-13.281391986592036,0.36447318386738153,1505.7353587181744,120.29020500259608,HYPE/USD,50,2.0
27,37.03703703703704,0.6893227277455917,-12.752383606956618,-18.184976250241164,-0.2318604748757748,872.4761639304338,101.40716064991473,AAPL/USD,50,2.0
37,59.45945945945946,1.770371420938291,37.81677405985715,-11.617299060500178,0.45626030045515104,1378.1677405985715,161.6735172701017,AMZN/USD,50,2.0
41,17.073170731707318,0.3509572289837702,-42.736848236739974,-43.241479910286756,-0.6606131156135642,572.6315176326002,97.36799706448947,BTC,50,2.5
31,25.806451612903224,0.6323738721843768,-16.982415221910184,-24.484103805704663,-0.27869706244614845,830.1758477808982,61.00287531719725,ETH,50,2.5
45,33.33333333333333,0.5839143635068981,-28.53259079020792,-29.98999233534955,-0.3512080823580787,714.6740920979208,168.0969707897326,XAUT,50,2.5
43,60.46511627906976,1.8989351177343043,59.73514281627676,-8.22454257987957,0.5741557247733571,1597.3514281627677,298.24157485463815,SP500/USD,50,2.5
43,41.86046511627907,0.9055218762117356,-6.157654878646599,-19.953286875878682,-0.05062572067983913,938.423451213534,185.54404562140886,NASDAQ100/USD,50,2.5
19,47.368421052631575,1.6138754263551287,16.14495510605327,-13.603668049716736,0.4232623908127768,1161.4495510605327,43.426231197383636,OIL_BRENT/USD,50,2.5
19,42.10526315789473,1.4520142667569487,12.418664772927604,-18.076831067084687,0.3374673587166205,1124.186647729276,47.64730946756815,SILVER/USD,50,2.5
59,44.06779661016949,1.6099789832735572,50.939834846760434,-19.58504557325246,0.37852930474593904,1509.3983484676044,111.52210893244829,HYPE/USD,50,2.5
27,37.03703703703704,0.8642420266405427,-5.77029058605051,-18.184976250241164,-0.08371232672762714,942.2970941394949,105.00525670794163,AAPL/USD,50,2.5
37,51.35135135135135,1.6194090292692074,35.608955502789875,-13.471957435333001,0.4426994896443397,1356.0895550278988,157.43136687252186,AMZN/USD,50,2.5
41,17.073170731707318,0.346090588078696,-42.88938286140443,-42.899418458846064,-0.6636150004061026,571.1061713859557,96.99477969562454,BTC,50,3.0
31,25.806451612903224,0.7637060743341805,-11.269814357312452,-23.763180770714705,-0.16580512696227748,887.3018564268755,63.07992777980717,ETH,50,3.0
45,33.33333333333333,0.6717576388114239,-23.28249771407509,-26.567222972066478,-0.2686412895841269,767.1750228592491,173.64146363677588,XAUT,50,3.0
43,51.162790697674424,1.461938715318585,31.137532763307195,-11.113885285693073,0.3490316127860574,1311.375327633072,249.52782361356486,SP500/USD,50,3.0
43,41.86046511627907,1.0565663246521668,3.904985231592309,-16.040791359591893,0.07335929738700772,1039.049852315923,195.25851028320494,NASDAQ100/USD,50,3.0
19,36.84210526315789,1.2985978054842138,8.74791595826373,-13.42272942665918,0.2528015370966806,1087.4791595826373,42.98761751671414,OIL_BRENT/USD,50,3.0
19,42.10526315789473,1.737925768458468,21.31245379632144,-18.07683106708467,0.548104200821881,1213.1245379632144,49.875961903971856,SILVER/USD,50,3.0
58,41.37931034482759,1.7114016569465065,57.816660095991324,-18.042255877778242,0.42975430693947275,1578.1666009599132,105.94856051561504,HYPE/USD,50,3.0
27,33.33333333333333,0.867244096321843,-6.021684786170908,-18.184976250241164,-0.08360862302392513,939.7831521382909,105.66206440834286,AAPL/USD,50,3.0
36,38.88888888888889,1.1924986221611946,11.471633304845726,-12.896348641625103,0.18586562829591824,1114.7163330484573,133.327386462335,AMZN/USD,50,3.0
24,45.83333333333333,0.8904276740167277,-3.345974287076513,-14.377044397571193,-0.055922093733055345,966.5402571292349,59.792933962645805,BTC,70,1.5
16,43.75,1.024416514799186,0.4687872549201415,-10.52019888076962,0.028903662288663153,1004.6878725492014,33.73026832830757,ETH,70,1.5
28,42.857142857142854,0.6714889743797733,-12.570999253907747,-18.843443325614786,-0.22559339944191273,874.2900074609225,101.1100902235025,XAUT,70,1.5
22,63.63636363636363,1.218483523756707,5.195478838538611,-9.84931472509636,0.12918351500736075,1051.954788385386,122.03179645688348,SP500/USD,70,1.5
29,55.172413793103445,0.970031769405511,-1.0451953149913151,-10.955051449031014,-0.0039054414894995116,989.5480468500868,129.3047297846072,NASDAQ100/USD,70,1.5
13,84.61538461538461,5.330601631599076,27.901592212378134,-4.9203725022529055,0.9644910176665886,1279.0159221237814,29.43203133405712,OIL_BRENT/USD,70,1.5
10,40.0,0.7378942411383599,-3.8205145892364727,-7.511481875478035,-0.17879048907245876,961.7948541076353,23.126311882319595,SILVER/USD,70,1.5
34,58.82352941176471,1.6825524791285167,26.183294125124483,-8.00340451389787,0.3585401107049257,1261.8329412512448,57.33780107656622,HYPE/USD,70,1.5
13,61.53846153846154,1.9618924431856977,10.243869728979098,-5.015064664543791,0.38941482661758037,1102.438697289791,36.8071183391731,AAPL/USD,70,1.5
22,63.63636363636363,1.5027241885080302,11.44424463813948,-10.878069579449278,0.26132077706367607,1114.4424463813948,85.0778734933221,AMZN/USD,70,1.5
23,26.08695652173913,0.49696969619850273,-19.133021459651342,-23.89659690803417,-0.4432141621973972,808.6697854034866,54.257232370538695,BTC,70,2.0
16,31.25,0.8001229796241639,-4.562704534960506,-10.338705446421043,-0.12754321271133545,954.372954650395,32.15003845105896,ETH,70,2.0
28,28.57142857142857,0.48006100350888076,-22.715444312743536,-22.715444312743536,-0.44196502178092284,772.8455568725647,92.43477142691441,XAUT,70,2.0
22,63.63636363636363,1.7611623248546562,19.400692055053103,-8.07440009169391,0.42459033318917255,1194.006920550531,129.5184687091809,SP500/USD,70,2.0
29,51.724137931034484,1.1121345016507376,4.37729370194661,-12.228924601668348,0.09309803357479868,1043.772937019466,133.99859842097445,NASDAQ100/USD,70,2.0
13,76.92307692307693,5.032093936922095,31.564067766109794,-4.920372502252911,1.0812365977128298,1315.640677661098,29.613517958130373,OIL_BRENT/USD,70,2.0
10,40.0,0.9989177087784964,-0.01622974662013803,-7.511481875478032,0.021349510927545466,999.8377025337986,23.730541540705552,SILVER/USD,70,2.0
34,50.0,1.603827702139512,28.092787679023175,-9.254980932535254,0.38805481658727625,1280.9278767902317,57.55948426027242,HYPE/USD,70,2.0
13,61.53846153846154,2.4206657609296247,15.428454105477796,-5.01506466454378,0.5717680797127236,1154.284541054778,37.54487771254457,AAPL/USD,70,2.0
22,63.63636363636363,2.0776115534704416,26.448432944861587,-10.8780695794493,0.5567912316091358,1264.4843294486159,91.30623593944628,AMZN/USD,70,2.0
23,17.391304347826086,0.3114220825477337,-26.111903664020886,-26.111903664020886,-0.6406825706443127,738.8809633597912,50.78724237990227,BTC,70,2.5
16,31.25,1.0055205014956663,0.12998418388356187,-8.775575725910818,0.02872866228866383,1001.2998418388356,33.0910256766349,ETH,70,2.5
28,28.57142857142857,0.5288880857341303,-20.944585914694663,-20.983418314533495,-0.39888510627082446,790.5541408530534,93.81805386191134,XAUT,70,2.5
22,63.63636363636363,2.2142551247176967,33.03937346226871,-6.282183115730208,0.6792425188789702,1330.3937346226871,136.85785222910056,SP500/USD,70,2.5
29,48.275862068965516,1.1945458744569952,8.254888131076019,-11.410083628436666,0.16213596460927618,1082.5488813107602,134.4680648195869,NASDAQ100/USD,70,2.5
13,61.53846153846154,3.0438295034237597,24.926386190016455,-4.920372502252917,0.8892250592512908,1249.2638619001646,28.157693807213562,OIL_BRENT/USD,70,2.5
10,30.0,0.8242945309905707,-3.0546182358059584,-11.616583528282371,-0.1287554890724536,969.4538176419404,23.582009543606176,SILVER/USD,70,2.5
33,42.42424242424242,1.5557200259347719,26.544641056394834,-8.37964860972669,0.3871845460348579,1265.4464105639483,54.54532648599758,HYPE/USD,70,2.5
13,61.53846153846154,2.998643988276623,22.287369031879212,-5.0150646645437815,0.8025911566357966,1222.8736903187921,38.614121958952246,AAPL/USD,70,2.5
22,54.54545454545454,1.852120449427285,24.70482616193415,-10.878069579449283,0.5338571407000448,1247.0482616193415,87.84771610936103,AMZN/USD,70,2.5
23,17.391304347826086,0.30289435609757587,-26.371480114495444,-26.371480114495444,-0.64837917108127,736.2851988550456,50.701978616576554,BTC,70,3.0
16,31.25,1.2061072534585329,5.0054768924054995,-8.24340241779234,0.18500053728866356,1050.054768924055,34.06032662072846,ETH,70,3.0
28,28.57142857142857,0.6269731360465847,-17.081349403396597,-18.687980964960232,-0.30958689198510997,829.186505966034,96.30955043121052,XAUT,70,3.0
22,50.0,1.4190308829328588,13.785493532618421,-11.773782392433144,0.32842459166795696,1137.8549353261842,120.21818714849543,SP500/USD,70,3.0
29,48.275862068965516,1.3954537862778682,17.589521181117174,-11.410083628436656,0.3114930603635661,1175.8952118111717,140.0945171823965,NASDAQ100/USD,70,3.0
13,53.84615384615385,2.859480412179919,25.35014234445016,-5.6218892303844425,0.909509196127765,1253.5014234445016,29.201883676339545,OIL_BRENT/USD,70,3.0
10,30.0,0.986054758163966,-0.2482228224241908,-11.61658352828238,0.02134951092754207,997.5177717757581,24.081120500808098,SILVER/USD,70,3.0
33,39.39393939393939,1.67369161771389,33.625497882694276,-7.504316286918073,0.4782209096712235,1336.2549788269428,54.401849697274784,HYPE/USD,70,3.0
13,61.53846153846154,3.5740381357241207,29.482610176686602,-5.015064664543791,1.0334142335588754,1294.826101766866,39.717548157094406,AAPL/USD,70,3.0
22,45.45454545454545,1.578071009836331,19.58486866579883,-10.878069579449278,0.4451003614100109,1195.8486866579883,87.93926371925734,AMZN/USD,70,3.0
