combo_id,symbol,mode,rsi_ob,rsi_os,require_bb_touch,require_macd_turn,require_volume,require_adx,rr_ratio,num_trades,win_rate,profit_factor,pnl_net_total,max_drawdown_pct
1,BTC,reversal,75,30,True,True,True,True,2.0,19,52.63157894736842,1.2787610513894818,57.21047302927764,-4.50199973025211
1,ETH,reversal,75,30,True,True,True,True,2.0,13,61.53846153846154,1.6372732566205848,81.6537730463715,-6.739912155543178
1,XAUT,reversal,75,30,True,True,True,True,2.0,18,27.77777777777778,0.3169057930464979,-220.54569995016675,-22.054569995016678
1,SP500/USD,reversal,75,30,True,True,True,True,2.0,10,30.0,0.25529056820324403,-110.6080113943716,-12.256987349212512
1,NASDAQ100/USD,reversal,75,30,True,True,True,True,2.0,8,50.0,1.334439718706138,28.87746038786031,-7.397125608214464
1,OIL_BRENT/USD,reversal,75,30,True,True,True,True,2.0,6,33.33333333333333,0.47269670543462805,-46.92821164321356,-6.610801783878811
1,SILVER/USD,reversal,75,30,True,True,True,True,2.0,12,33.33333333333333,0.38159894342062245,-117.92591813269144,-15.980363518877983
1,HYPE,reversal,75,30,True,True,True,True,2.0,24,25.0,0.24204550827539323,-230.14759884462615,-23.79911740994916
1,AAPL/USD,reversal,75,30,True,True,True,True,2.0,2,0.0,0.0,-52.002540013232874,-5.200254001323287
1,AMZN/USD,reversal,75,30,True,True,True,True,2.0,9,11.11111111111111,0.19543266626176195,-112.79159865353927,-11.279159865353927
2,BTC,reversal,75,30,True,True,True,False,2.0,91,42.857142857142854,0.9119530810673722,-91.40068587641917,-21.40714796334054
2,ETH,reversal,75,30,True,True,True,False,2.0,84,48.80952380952381,1.081375676665429,71.2919918901066,-14.969351967284904
2,XAUT,reversal,75,30,True,True,True,False,2.0,108,28.703703703703702,0.40126815113158665,-640.7326295837004,-64.49001433747324
2,SP500/USD,reversal,75,30,True,True,True,False,2.0,30,33.33333333333333,0.24370036691678904,-314.3825802124983,-31.438258021249826
2,NASDAQ100/USD,reversal,75,30,True,True,True,False,2.0,34,47.05882352941176,1.0373033080158731,14.044944974965233,-13.484157139522058
2,OIL_BRENT/USD,reversal,75,30,True,True,True,False,2.0,31,41.935483870967744,0.8242570053238418,-55.5415308533303,-12.592788720860526
2,SILVER/USD,reversal,75,30,True,True,True,False,2.0,62,30.64516129032258,0.5386666911469821,-380.130709340771,-45.64003576866551
2,HYPE,reversal,75,30,True,True,True,False,2.0,88,39.77272727272727,0.7331851363082575,-228.28923828324434,-24.289656410508357
2,AAPL/USD,reversal,75,30,True,True,True,False,2.0,33,12.121212121212121,0.16603315117982506,-382.60004936794996,-38.26000493679499
2,AMZN/USD,reversal,75,30,True,True,True,False,2.0,43,32.55813953488372,0.3914000635810141,-294.39324184153645,-32.9927818457969
3,BTC,reversal,75,30,True,True,False,True,2.0,31,45.16129032258064,0.9331816046152906,-23.274354387863923,-9.77476171926671
3,ETH,reversal,75,30,True,True,False,True,2.0,36,41.66666666666667,1.1035554704685888,39.2371704360653,-8.414820558707648
3,XAUT,reversal,75,30,True,True,False,True,2.0,30,33.33333333333333,0.40709780162425446,-265.0718823814327,-26.50718823814327
3,SP500/USD,reversal,75,30,True,True,False,True,2.0,15,40.0,0.4568023230007148,-101.15203272806116,-12.700963056780152
3,NASDAQ100/USD,reversal,75,30,True,True,False,True,2.0,19,26.31578947368421,0.4629620630178191,-133.72568359969785,-17.78282132156267
3,OIL_BRENT/USD,reversal,75,30,True,True,False,True,2.0,9,22.22222222222222,0.32479371342468455,-87.45506309516293,-10.581929887299866
3,SILVER/USD,reversal,75,30,True,True,False,True,2.0,12,33.33333333333333,0.38159894342062245,-117.92591813269144,-15.980363518877983
3,HYPE,reversal,75,30,True,True,False,True,2.0,42,21.428571428571427,0.21633681608401165,-408.1413868968824,-41.41714876865242
3,AAPL/USD,reversal,75,30,True,True,False,True,2.0,8,37.5,0.15691455897305145,-83.90055323159231,-8.977644810591096
3,AMZN/USD,reversal,75,30,True,True,False,True,2.0,13,7.6923076923076925,0.12600379254734864,-185.5389153504916,-18.55389153504916
4,BTC,reversal,75,30,True,True,False,False,2.0,173,42.19653179190752,0.7928350701359813,-340.5684794720397,-41.13685467934183
4,ETH,reversal,75,30,True,True,False,False,2.0,182,43.956043956043956,0.7978274930524168,-321.97355450735597,-38.12639641308232
4,XAUT,reversal,75,30,True,True,False,False,2.0,173,29.47976878612717,0.4010331047577779,-768.1370003334806,-77.85361883392832
4,SP500/USD,reversal,75,30,True,True,False,False,2.0,57,47.368421052631575,0.5681907994401096,-277.669846160426,-31.654840494933445
4,NASDAQ100/USD,reversal,75,30,True,True,False,False,2.0,70,38.57142857142858,0.7050049878816582,-235.69825387470894,-24.88125350993001
4,OIL_BRENT/USD,reversal,75,30,True,True,False,False,2.0,42,35.714285714285715,0.6953900757167216,-133.74082830545126,-21.221325540446294
4,SILVER/USD,reversal,75,30,True,True,False,False,2.0,81,32.098765432098766,0.5326916083057575,-445.05640727975174,-51.40837067897187
4,HYPE,reversal,75,30,True,True,False,False,2.0,144,32.63888888888889,0.5070910361475811,-582.5204832828279,-58.67739375837064
4,AAPL/USD,reversal,75,30,True,True,False,False,2.0,58,24.137931034482758,0.28224343617101755,-443.09954224671526,-44.667152185740214
4,AMZN/USD,reversal,75,30,True,True,False,False,2.0,70,32.857142857142854,0.4200751810313061,-415.5795402373109,-44.501113703472164
5,BTC,reversal,75,30,True,False,True,True,2.0,31,45.16129032258064,1.0946123383614776,32.201666015347655,-7.2729809012508415
5,ETH,reversal,75,30,True,False,True,True,2.0,22,59.09090909090909,1.5515141275829003,116.33095080095814,-8.27947871899272
5,XAUT,reversal,75,30,True,False,True,True,2.0,26,23.076923076923077,0.21413153253681735,-326.6210938979133,-32.662109389791325
5,SP500/USD,reversal,75,30,True,False,True,True,2.0,13,30.76923076923077,0.18489681908875552,-164.67753239062097,-17.591218740518194
5,NASDAQ100/USD,reversal,75,30,True,False,True,True,2.0,11,45.45454545454545,0.9767373659345481,-3.145022061886607,-7.397125608214447
5,OIL_BRENT/USD,reversal,75,30,True,False,True,True,2.0,8,25.0,0.364655493940139,-73.29639462521459,-9.194556226291494
5,SILVER/USD,reversal,75,30,True,False,True,True,2.0,16,31.25,0.3599414430632731,-158.43994259381714,-19.130778492611434
5,HYPE,reversal,75,30,True,False,True,True,2.0,32,25.0,0.3341528323714116,-270.6980504738988,-27.812848092529848
5,AAPL/USD,reversal,75,30,True,False,True,True,2.0,7,14.285714285714285,0.14161032208255953,-100.76302090085278,-10.278211671111318
5,AMZN/USD,reversal,75,30,True,False,True,True,2.0,10,10.0,0.15221495834400647,-146.7535957124427,-14.675359571244268
6,BTC,reversal,75,30,True,False,True,False,2.0,132,38.63636363636363,0.745078705462662,-342.4683046688251,-39.98763587790614
6,ETH,reversal,75,30,True,False,True,False,2.0,128,47.65625,1.0389981708242013,50.562444419146914,-14.322120938141985
6,XAUT,reversal,75,30,True,False,True,False,2.0,144,26.38888888888889,0.33854666853236187,-798.3459538664983,-80.43222423818624
6,SP500/USD,reversal,75,30,True,False,True,False,2.0,42,30.952380952380953,0.1766592239804556,-466.2046276786102,-46.62046276786102
6,NASDAQ100/USD,reversal,75,30,True,False,True,False,2.0,45,44.44444444444444,0.9555482285265692,-23.71085507851319,-11.38019371956838
6,OIL_BRENT/USD,reversal,75,30,True,False,True,False,2.0,42,38.095238095238095,0.6333475773130022,-168.80423890223153,-23.074962131219742
6,SILVER/USD,reversal,75,30,True,False,True,False,2.0,74,31.08108108108108,0.5132708408873519,-454.5344920722589,-49.015423839337906
6,HYPE,reversal,75,30,True,False,True,False,2.0,110,38.18181818181819,0.6740933438152135,-329.94746202120507,-34.2630550330396
6,AAPL/USD,reversal,75,30,True,False,True,False,2.0,49,18.367346938775512,0.23108357046533515,-436.1301300077638,-43.61301300077638
6,AMZN/USD,reversal,75,30,True,False,True,False,2.0,53,33.9622641509434,0.4890218660242284,-300.68224982694414,-31.945095943145414
7,BTC,reversal,75,30,True,False,False,True,2.0,45,40.0,0.8178772726723422,-89.28324973254576,-12.873285619644218
7,ETH,reversal,75,30,True,False,False,True,2.0,49,42.857142857142854,1.009778919200781,5.139376709324665,-11.822296759812309
7,XAUT,reversal,75,30,True,False,False,True,2.0,39,25.64102564102564,0.26510206720487406,-403.25252764549816,-40.325252764549816
7,SP500/USD,reversal,75,30,True,False,False,True,2.0,19,36.84210526315789,0.3487008582539511,-157.7855490105983,-18.20139428674573
7,NASDAQ100/USD,reversal,75,30,True,False,False,True,2.0,23,30.434782608695656,0.49670357626069306,-147.14305114468812,-19.05624947700503
7,OIL_BRENT/USD,reversal,75,30,True,False,False,True,2.0,12,16.666666666666664,0.2694573163998831,-114.05431232238072,-13.188325951927398
7,SILVER/USD,reversal,75,30,True,False,False,True,2.0,17,35.294117647058826,0.4880496252470322,-126.8709480726319,-19.130778492611434
7,HYPE,reversal,75,30,True,False,False,True,2.0,50,22.0,0.2725764883689911,-439.31636800493345,-44.50288451695491
7,AAPL/USD,reversal,75,30,True,False,False,True,2.0,14,28.57142857142857,0.16631582061421712,-152.07788781863474,-15.846485079293371
7,AMZN/USD,reversal,75,30,True,False,False,True,2.0,14,14.285714285714285,0.1806301652691999,-182.4237813080466,-18.242378130804664
8,BTC,reversal,75,30,True,False,False,False,2.0,216,37.5,0.6563325410693504,-600.8397510130812,-62.943780309268014
8,ETH,reversal,75,30,True,False,False,False,2.0,236,42.79661016949153,0.7832103833096956,-429.83687846128896,-45.59004745916273
8,XAUT,reversal,75,30,True,False,False,False,2.0,214,28.037383177570092,0.34837575371315216,-878.2929179007883,-88.36485754165199
8,SP500/USD,reversal,75,30,True,False,False,False,2.0,73,42.465753424657535,0.44145745817412346,-458.6194842752583,-48.77586446659632
8,NASDAQ100/USD,reversal,75,30,True,False,False,False,2.0,86,38.372093023255815,0.70031774850026,-290.3172826619998,-30.24943825869774
8,OIL_BRENT/USD,reversal,75,30,True,False,False,False,2.0,57,35.08771929824561,0.6396812413375492,-213.03773108945586,-27.168658491120212
8,SILVER/USD,reversal,75,30,True,False,False,False,2.0,96,33.33333333333333,0.5083929944660723,-514.4970117236371,-52.53117892061875
8,HYPE,reversal,75,30,True,False,False,False,2.0,170,32.94117647058823,0.4894019267611697,-649.4911687346415,-65.30622979425245
8,AAPL/USD,reversal,75,30,True,False,False,False,2.0,81,27.160493827160494,0.33808107864124703,-515.9553246851115,-52.72166629136578
8,AMZN/USD,reversal,75,30,True,False,False,False,2.0,90,38.88888888888889,0.6475499037077986,-325.3011593213089,-34.34091318532004
9,BTC,reversal,75,30,False,True,True,True,2.0,21,52.38095238095239,1.308909858494991,71.63532133053104,-6.641709717595301
9,ETH,reversal,75,30,False,True,True,True,2.0,15,66.66666666666666,1.9219114214805113,121.72865317723677,-6.739912155543153
9,XAUT,reversal,75,30,False,True,True,True,2.0,19,26.31578947368421,0.293418986812356,-240.18216141133462,-24.01821614113346
9,SP500/USD,reversal,75,30,False,True,True,True,2.0,10,30.0,0.25529056820324403,-110.6080113943716,-12.256987349212512
9,NASDAQ100/USD,reversal,75,30,False,True,True,True,2.0,10,50.0,1.0995885063122948,10.88466055048309,-7.397125608214454
9,OIL_BRENT/USD,reversal,75,30,False,True,True,True,2.0,7,28.57142857142857,0.3755089200768767,-69.96197747649865,-8.867824758797786
9,SILVER/USD,reversal,75,30,False,True,True,True,2.0,13,30.76923076923077,0.34404271832257044,-137.98700988272356,-17.89122981786725
9,HYPE,reversal,75,30,False,True,True,True,2.0,27,25.925925925925924,0.23043080015692044,-259.3224246314537,-26.686875467247933
9,AAPL/USD,reversal,75,30,False,True,True,True,2.0,2,0.0,0.0,-52.002540013232874,-5.200254001323287
9,AMZN/USD,reversal,75,30,False,True,True,True,2.0,13,23.076923076923077,0.43051677393415627,-107.14498892043491,-10.71449889204349
10,BTC,reversal,75,30,False,True,True,False,2.0,107,40.18691588785047,0.872788855876918,-150.91846602265355,-26.693021925801443
10,ETH,reversal,75,30,False,True,True,False,2.0,104,50.0,1.131333313461584,137.76128786700679,-16.30433311374929
10,XAUT,reversal,75,30,False,True,True,False,2.0,131,29.770992366412212,0.38553271090673086,-699.9180904276855,-71.33911200894173
10,SP500/USD,reversal,75,30,False,True,True,False,2.0,33,30.303030303030305,0.22169863503059292,-345.50284003219656,-34.55028400321966
10,NASDAQ100/USD,reversal,75,30,False,True,True,False,2.0,40,45.0,0.8464470079682778,-71.76717162507066,-15.54305815771449
10,OIL_BRENT/USD,reversal,75,30,False,True,True,False,2.0,40,37.5,0.6201777221423251,-163.7600336432006,-22.608133859554382
10,SILVER/USD,reversal,75,30,False,True,True,False,2.0,70,34.285714285714285,0.6247816783729494,-345.8765239162342,-45.6504669413257
10,HYPE,reversal,75,30,False,True,True,False,2.0,107,39.25233644859813,0.7102828381989331,-297.62681195449613,-31.092168163271683
10,AAPL/USD,reversal,75,30,False,True,True,False,2.0,37,13.513513513513514,0.19711592480849882,-404.0428766821768,-40.404287668217684
10,AMZN/USD,reversal,75,30,False,True,True,False,2.0,59,37.28813559322034,0.46107077581168365,-340.8681456897966,-36.38904927902018
11,BTC,reversal,75,30,False,True,False,True,2.0,34,44.11764705882353,0.8773468859525105,-46.162239340194105,-11.889034936974397
11,ETH,reversal,75,30,False,True,False,True,2.0,41,43.90243902439025,1.1831762535372377,75.00130894640165,-7.5392734277696505
11,XAUT,reversal,75,30,False,True,False,True,2.0,31,32.25806451612903,0.3851292441484785,-283.5866146209278,-28.358661462092776
11,SP500/USD,reversal,75,30,False,True,False,True,2.0,17,35.294117647058826,0.3989734190975491,-127.0714091546547,-15.21833716519357
11,NASDAQ100/USD,reversal,75,30,False,True,False,True,2.0,23,26.08695652173913,0.37122943212514153,-194.67767603751327,-23.5677104244631
11,OIL_BRENT/USD,reversal,75,30,False,True,False,True,2.0,10,20.0,0.2775367686791931,-109.50937909297022,-12.742978942997196
11,SILVER/USD,reversal,75,30,False,True,False,True,2.0,13,30.76923076923077,0.34404271832257044,-137.98700988272356,-17.89122981786725
11,HYPE,reversal,75,30,False,True,False,True,2.0,51,25.49019607843137,0.24802714675970705,-440.0159083429463,-44.57212583007406
11,AAPL/USD,reversal,75,30,False,True,False,True,2.0,10,30.0,0.11183507240754773,-120.0577141898583,-12.570169573042916
11,AMZN/USD,reversal,75,30,False,True,False,True,2.0,18,22.22222222222222,0.43742854521187147,-149.66313897174302,-15.424780298145324
12,BTC,reversal,75,30,False,True,False,False,2.0,215,40.46511627906977,0.7448383912113337,-463.1793706605822,-52.04984010866474
12,ETH,reversal,75,30,False,True,False,False,2.0,231,44.15584415584416,0.7776004591076704,-432.82931862466535,-51.44357372808044
12,XAUT,reversal,75,30,False,True,False,False,2.0,219,32.42009132420091,0.40971464646158723,-813.8949219919776,-83.34413918742833
12,SP500/USD,reversal,75,30,False,True,False,False,2.0,75,40.0,0.4699802595404573,-439.3079582336243,-46.948653847482596
12,NASDAQ100/USD,reversal,75,30,False,True,False,False,2.0,87,41.37931034482759,0.7280425158924311,-273.85786618724615,-30.74102261690994
12,OIL_BRENT/USD,reversal,75,30,False,True,False,False,2.0,56,33.92857142857143,0.5936457756073654,-242.47300682591947,-29.932624888469434
12,SILVER/USD,reversal,75,30,False,True,False,False,2.0,96,33.33333333333333,0.5773786030606475,-457.1488800993943,-54.327081959447256
12,HYPE,reversal,75,30,False,True,False,False,2.0,185,31.891891891891895,0.5135982356428942,-684.4528918847775,-68.76678165706555
12,AAPL/USD,reversal,75,30,False,True,False,False,2.0,74,24.324324324324326,0.31903166451250753,-508.16382386998515,-51.13184788329605
12,AMZN/USD,reversal,75,30,False,True,False,False,2.0,95,36.84210526315789,0.5729919700584698,-395.76335617608925,-41.68683075662115
13,BTC,reversal,75,30,False,False,True,True,2.0,33,45.45454545454545,1.1258646637509375,46.2852877996736,-9.350604812764418
13,ETH,reversal,75,30,False,False,True,True,2.0,24,62.5,1.7372676894173191,157.69060779519737,-8.27947871899272
13,XAUT,reversal,75,30,False,False,True,True,2.0,27,22.22222222222222,0.20159604074309237,-343.5852429668088,-34.358524296680876
13,SP500/USD,reversal,75,30,False,False,True,True,2.0,13,30.76923076923077,0.18489681908875552,-164.67753239062097,-17.591218740518194
13,NASDAQ100/USD,reversal,75,30,False,False,True,True,2.0,13,46.15384615384615,0.8688928791176436,-20.57781923694779,-7.397125608214451
13,OIL_BRENT/USD,reversal,75,30,False,False,True,True,2.0,9,22.22222222222222,0.3053717400479947,-95.69289623593374,-11.389135222147925
13,SILVER/USD,reversal,75,30,False,False,True,True,2.0,17,29.411764705882355,0.3321598607501589,-177.5796201694783,-20.96999461488882
13,HYPE,reversal,75,30,False,False,True,True,2.0,35,25.71428571428571,0.31841613219328974,-298.3361500517991,-30.548499209272507
13,AAPL/USD,reversal,75,30,False,False,True,True,2.0,7,14.285714285714285,0.14161032208255953,-100.76302090085278,-10.278211671111318
13,AMZN/USD,reversal,75,30,False,False,True,True,2.0,14,21.428571428571427,0.35534168036440217,-141.3231360325359,-14.132313603253591
14,BTC,reversal,75,30,False,False,True,False,2.0,148,37.16216216216216,0.7341759014333651,-385.5399053992875,-44.33282478391914
14,ETH,reversal,75,30,False,False,True,False,2.0,148,48.64864864864865,1.0795224630561904,115.74555657618657,-19.91754088426304
14,XAUT,reversal,75,30,False,False,True,False,2.0,167,27.54491017964072,0.32885635251911005,-831.56630348421,-83.8986110365773
14,SP500/USD,reversal,75,30,False,False,True,False,2.0,45,28.888888888888886,0.16536447217295333,-490.4336659115402,-49.04336659115402
14,NASDAQ100/USD,reversal,75,30,False,False,True,False,2.0,51,43.13725490196079,0.828126712236237,-106.32794059775654,-15.840793574361744
14,OIL_BRENT/USD,reversal,75,30,False,False,True,False,2.0,51,35.294117647058826,0.5292339349023124,-264.0448066241338,-31.889232633484376
14,SILVER/USD,reversal,75,30,False,False,True,False,2.0,82,34.146341463414636,0.5877848497098226,-424.39188469873534,-49.02520730635193
14,HYPE,reversal,75,30,False,False,True,False,2.0,131,38.93129770992366,0.6908533198772923,-368.08448418619355,-38.00456959371266
14,AAPL/USD,reversal,75,30,False,False,True,False,2.0,53,18.867924528301888,0.24904433597881298,-455.7138119266905,-45.571381192669044
14,AMZN/USD,reversal,75,30,False,False,True,False,2.0,69,37.68115942028986,0.5247715650796912,-346.7429271417378,-35.394465439242516
15,BTC,reversal,75,30,False,False,False,True,2.0,48,39.58333333333333,0.7858440317380123,-110.6243297972735,-14.914950261061852
15,ETH,reversal,75,30,False,False,False,True,2.0,54,44.44444444444444,1.0715324262626413,39.73007930682775,-10.588307109215917
15,XAUT,reversal,75,30,False,False,False,True,2.0,40,25.0,0.2531778630911384,-418.2861335184649,-41.828613351846485
15,SP500/USD,reversal,75,30,False,False,False,True,2.0,21,33.33333333333333,0.3151452808686095,-182.0718289844691,-20.560156758098007
15,NASDAQ100/USD,reversal,75,30,False,False,False,True,2.0,27,29.629629629629626,0.4080516476629228,-207.1509831738607,-24.751538805525506
15,OIL_BRENT/USD,reversal,75,30,False,False,False,True,2.0,13,15.384615384615385,0.23695948282468665,-135.465779706342,-15.286383827574237
15,SILVER/USD,reversal,75,30,False,False,False,True,2.0,18,33.33333333333333,0.44874955401900923,-146.7286021862784,-20.96999461488882
15,HYPE,reversal,75,30,False,False,False,True,2.0,59,25.423728813559322,0.2925788004875231,-469.5119621161408,-47.491679405626776
15,AAPL/USD,reversal,75,30,False,False,False,True,2.0,16,25.0,0.13618958846693893,-185.54418495303855,-19.16790634521085
15,AMZN/USD,reversal,75,30,False,False,False,True,2.0,19,26.31578947368421,0.4645900547185792,-146.41078799603588,-14.641078799603587
16,BTC,reversal,75,30,False,False,False,False,2.0,256,37.5,0.6556279909659265,-645.2617141717235,-66.28636210170411
16,ETH,reversal,75,30,False,False,False,False,2.0,285,43.15789473684211,0.7727955083468746,-523.0572372391243,-56.55228463594973
16,XAUT,reversal,75,30,False,False,False,False,2.0,260,30.76923076923077,0.3589417496465336,-902.239609276887,-91.24298038152837
16,SP500/USD,reversal,75,30,False,False,False,False,2.0,91,37.362637362637365,0.3977088513520486,-579.7659212747539,-60.23845192219343
16,NASDAQ100/USD,reversal,75,30,False,False,False,False,2.0,103,40.77669902912621,0.7221316422185925,-325.7499079252781,-35.4787872778333
16,OIL_BRENT/USD,reversal,75,30,False,False,False,False,2.0,72,34.72222222222222,0.6018776905928219,-297.4922112400965,-34.67213591877738
16,SILVER/USD,reversal,75,30,False,False,False,False,2.0,112,34.82142857142857,0.5620565920909307,-512.7254302364585,-52.604046867599706
16,HYPE,reversal,75,30,False,False,False,False,2.0,212,32.54716981132076,0.49960518316719843,-735.8064760564891,-73.84981891482313
16,AAPL/USD,reversal,75,30,False,False,False,False,2.0,97,26.804123711340207,0.3573585991019509,-572.5076557785153,-58.24532994843582
16,AMZN/USD,reversal,75,30,False,False,False,False,2.0,116,40.51724137931034,0.7344503204870441,-303.68048094547817,-31.135694318968948
17,BTC,reversal,75,25,True,True,True,True,2.0,9,66.66666666666666,2.200567005534769,93.28827637196696,-2.5488226140678334
17,ETH,reversal,75,25,True,True,True,True,2.0,10,60.0,1.244481623801591,23.82954524741342,-5.4991164210477255
17,XAUT,reversal,75,25,True,True,True,True,2.0,12,41.66666666666667,0.5687701546229534,-81.55665880309903,-10.954720986528935
17,SP500/USD,reversal,75,25,True,True,True,True,2.0,2,50.0,0.4726063550989047,-16.471088382323387,-3.077684212516547
17,NASDAQ100/USD,reversal,75,25,True,True,True,True,2.0,6,50.0,1.4291422341042905,25.058316807246,-4.948274593095775
17,OIL_BRENT/USD,reversal,75,25,True,True,True,True,2.0,6,33.33333333333333,0.47269670543462805,-46.92821164321356,-6.610801783878811
17,SILVER/USD,reversal,75,25,True,True,True,True,2.0,9,33.33333333333333,0.47991010408957974,-72.88854440934313,-13.272578055837913
17,HYPE,reversal,75,25,True,True,True,True,2.0,16,25.0,0.30300202043884494,-152.52613492729608,-16.116054981936305
17,AAPL/USD,reversal,75,25,True,True,True,True,2.0,1,0.0,0.0,-28.573994074073426,-2.8573994074073426
17,AMZN/USD,reversal,75,25,True,True,True,True,2.0,6,16.666666666666664,0.30213096656082233,-64.8883593893488,-7.539287483347978
18,BTC,reversal,75,25,True,True,True,False,2.0,55,38.18181818181819,0.7612619219959174,-165.01508230951742,-24.958724346575156
18,ETH,reversal,75,25,True,True,True,False,2.0,55,41.81818181818181,0.8914443808515299,-63.71204196272811,-13.523488031325911
18,XAUT,reversal,75,25,True,True,True,False,2.0,83,36.144578313253014,0.5826579066713733,-383.61016857182824,-40.23755562823329
18,SP500/USD,reversal,75,25,True,True,True,False,2.0,12,50.0,0.47632175678599126,-85.43340337988332,-13.048297650102278
18,NASDAQ100/USD,reversal,75,25,True,True,True,False,2.0,22,45.45454545454545,0.8878833128092154,-29.02498704701145,-10.090398554473317
18,OIL_BRENT/USD,reversal,75,25,True,True,True,False,2.0,21,47.61904761904761,0.8536492607317746,-31.328951899624485,-13.554832905925785
18,SILVER/USD,reversal,75,25,True,True,True,False,2.0,40,35.0,0.7419111205060537,-138.66316086132247,-26.211681537029037
18,HYPE,reversal,75,25,True,True,True,False,2.0,53,33.9622641509434,0.54700247366912,-258.41772720718143,-26.597327468043108
18,AAPL/USD,reversal,75,25,True,True,True,False,2.0,24,12.5,0.11871285461374974,-300.60663040150337,-30.439862497935504
18,AMZN/USD,reversal,75,25,True,True,True,False,2.0,34,35.294117647058826,0.5327763559962695,-175.34914413221168,-23.06381182364357
19,BTC,reversal,75,25,True,True,False,True,2.0,20,55.00000000000001,1.3872682919393042,75.30716519102316,-6.888843025850801
19,ETH,reversal,75,25,True,True,False,True,2.0,25,36.0,0.7188043272079913,-75.35162817605624,-9.234775615976668
19,XAUT,reversal,75,25,True,True,False,True,2.0,18,38.88888888888889,0.5563655054647769,-125.1189004712437,-16.276319886534132
19,SP500/USD,reversal,75,25,True,True,False,True,2.0,9,33.33333333333333,0.35237662598904185,-68.47246357635413,-8.903852835648102
19,NASDAQ100/USD,reversal,75,25,True,True,False,True,2.0,12,33.33333333333333,0.6092848537281389,-58.68432633690861,-11.089053958067517
19,OIL_BRENT/USD,reversal,75,25,True,True,False,True,2.0,6,33.33333333333333,0.47269670543462805,-46.92821164321356,-6.610801783878811
19,SILVER/USD,reversal,75,25,True,True,False,True,2.0,9,33.33333333333333,0.47991010408957974,-72.88854440934313,-13.272578055837913
19,HYPE,reversal,75,25,True,True,False,True,2.0,23,26.08695652173913,0.36040383887972166,-200.0821042434536,-20.823199921509225
19,AAPL/USD,reversal,75,25,True,True,False,True,2.0,5,20.0,0.10085955825179836,-75.04939069339514,-8.3467929156291
19,AMZN/USD,reversal,75,25,True,True,False,True,2.0,8,12.5,0.23108017552666887,-91.26495505414186,-9.126495505414187
20,BTC,reversal,75,25,True,True,False,False,2.0,118,42.3728813559322,0.8175085900467718,-216.71144499672516,-33.46699252417759
20,ETH,reversal,75,25,True,True,False,False,2.0,119,40.33613445378151,0.6919158649283494,-324.14092905127507,-40.2509468955092
20,XAUT,reversal,75,25,True,True,False,False,2.0,124,32.25806451612903,0.44440666037240434,-621.8052895332248,-63.05863775388243
20,SP500/USD,reversal,75,25,True,True,False,False,2.0,32,40.625,0.5506691455988937,-164.71803093892788,-21.37068014561788
20,NASDAQ100/USD,reversal,75,25,True,True,False,False,2.0,44,38.63636363636363,0.6786303815661846,-174.55469878632948,-18.871811247799318
20,OIL_BRENT/USD,reversal,75,25,True,True,False,False,2.0,27,40.74074074074074,0.7475788413303557,-74.45916669966664,-18.24865131008159
20,SILVER/USD,reversal,75,25,True,True,False,False,2.0,54,37.03703703703704,0.6835110759053326,-206.80847818748032,-33.519293944958164
20,HYPE,reversal,75,25,True,True,False,False,2.0,83,28.915662650602407,0.42115479947283874,-479.8716106115925,-48.51708941602796
20,AAPL/USD,reversal,75,25,True,True,False,False,2.0,42,21.428571428571427,0.25183016564191,-358.6256698964687,-36.555960815000766
20,AMZN/USD,reversal,75,25,True,True,False,False,2.0,55,36.36363636363637,0.5622732034109651,-248.34393108820484,-28.76823086421855
21,BTC,reversal,75,25,True,False,True,True,2.0,19,47.368421052631575,1.1272371816352187,27.572392304913365,-7.935220501874992
21,ETH,reversal,75,25,True,False,True,True,2.0,15,66.66666666666666,2.058399611939162,127.12682420456281,-4.611936426916334
21,XAUT,reversal,75,25,True,False,True,True,2.0,20,35.0,0.3986604906313704,-182.90177003944007,-23.190544000669536
21,SP500/USD,reversal,75,25,True,False,True,True,2.0,7,42.857142857142854,0.3271517666868321,-63.315087897451804,-8.617087970089209
21,NASDAQ100/USD,reversal,75,25,True,False,True,True,2.0,8,62.5,2.035769685893149,61.463162870695896,-2.6173379353263577
21,OIL_BRENT/USD,reversal,75,25,True,False,True,True,2.0,8,25.0,0.364655493940139,-73.29639462521459,-9.194556226291494
21,SILVER/USD,reversal,75,25,True,False,True,True,2.0,11,27.27272727272727,0.3789190281861306,-109.66087111001787,-15.976191893249814
21,HYPE,reversal,75,25,True,False,True,True,2.0,20,20.0,0.22121241110871123,-221.97636408821938,-22.990319126857194
21,AAPL/USD,reversal,75,25,True,False,True,True,2.0,5,20.0,0.24158591256526996,-54.84956279811297,-5.697175008819966
21,AMZN/USD,reversal,75,25,True,False,True,True,2.0,9,22.22222222222222,0.22029059439517568,-116.75762178500145,-11.675762178500145
22,BTC,reversal,75,25,True,False,True,False,2.0,89,33.70786516853933,0.6048799810932288,-404.07903398004544,-44.39131705703127
22,ETH,reversal,75,25,True,False,True,False,2.0,87,42.5287356321839,0.9257683803904466,-69.73530534323845,-19.284955243304122
22,XAUT,reversal,75,25,True,False,True,False,2.0,105,35.23809523809524,0.497108222345555,-535.2911383957262,-54.02749059990663
22,SP500/USD,reversal,75,25,True,False,True,False,2.0,22,50.0,0.5099478021793261,-135.93508817900454,-16.697258811310913
22,NASDAQ100/USD,reversal,75,25,True,False,True,False,2.0,30,46.666666666666664,0.9116298245321657,-32.58033963203468,-11.685381575098793
22,OIL_BRENT/USD,reversal,75,25,True,False,True,False,2.0,29,41.37931034482759,0.6625439087913539,-110.46975295955212,-18.84079390671598
22,SILVER/USD,reversal,75,25,True,False,True,False,2.0,47,34.04255319148936,0.692827480526926,-195.65566611776092,-31.09407009487818
22,HYPE,reversal,75,25,True,False,True,False,2.0,67,32.83582089552239,0.5132324986852668,-345.30196990146953,-35.19723047092629
22,AAPL/USD,reversal,75,25,True,False,True,False,2.0,36,16.666666666666664,0.19687314482680449,-350.9323641112153,-35.445150092739965
22,AMZN/USD,reversal,75,25,True,False,True,False,2.0,43,32.55813953488372,0.39218617024384755,-303.3837965632524,-32.34901065224348
23,BTC,reversal,75,25,True,False,False,True,2.0,30,46.666666666666664,1.0269933476973172,8.912788911950656,-11.627553562814876
23,ETH,reversal,75,25,True,False,False,True,2.0,33,45.45454545454545,1.0125970444978958,4.020650315267858,-9.973749808616269
23,XAUT,reversal,75,25,True,False,False,True,2.0,28,32.142857142857146,0.3787780601597541,-261.4270564146352,-27.299627257079393
23,SP500/USD,reversal,75,25,True,False,False,True,2.0,13,30.76923076923077,0.27908184043519846,-118.65113211039215,-12.663301760956658
23,NASDAQ100/USD,reversal,75,25,True,False,False,True,2.0,15,40.0,0.7145260844277644,-49.35488259527381,-11.586005121127
23,OIL_BRENT/USD,reversal,75,25,True,False,False,True,2.0,9,22.22222222222222,0.36024517185120386,-74.70875483039913,-9.332949985047016
23,SILVER/USD,reversal,75,25,True,False,False,True,2.0,11,27.27272727272727,0.3789190281861306,-109.66087111001787,-15.976191893249814
23,HYPE,reversal,75,25,True,False,False,True,2.0,27,22.22222222222222,0.2873152728267799,-265.6351359767093,-27.311714949884834
23,AAPL/USD,reversal,75,25,True,False,False,True,2.0,10,20.0,0.16570894497098437,-121.87546322123808,-13.182155466391293
23,AMZN/USD,reversal,75,25,True,False,False,True,2.0,12,25.0,0.2710734863062379,-127.43121562875615,-12.743121562875615
24,BTC,reversal,75,25,True,False,False,False,2.0,156,38.46153846153847,0.6868082506895803,-453.3663580654895,-48.49261007075178
24,ETH,reversal,75,25,True,False,False,False,2.0,159,40.88050314465409,0.7216593358276538,-389.4414659137034,-45.20863124196545
24,XAUT,reversal,75,25,True,False,False,False,2.0,152,32.23684210526316,0.4026192285375478,-732.2101117250586,-73.81960682496056
24,SP500/USD,reversal,75,25,True,False,False,False,2.0,46,43.47826086956522,0.6173557890003356,-207.9808002486552,-25.785813518350096
24,NASDAQ100/USD,reversal,75,25,True,False,False,False,2.0,59,37.28813559322034,0.6392633242431477,-267.48079027112,-28.748323228939487
24,OIL_BRENT/USD,reversal,75,25,True,False,False,False,2.0,38,36.84210526315789,0.6923424424688365,-130.85799312605343,-21.392288319578494
24,SILVER/USD,reversal,75,25,True,False,False,False,2.0,61,36.0655737704918,0.6524028685971729,-259.19826398608575,-36.483051238491875
24,HYPE,reversal,75,25,True,False,False,False,2.0,100,28.999999999999996,0.4119848038351176,-558.7147298457298,-56.321072702664935
24,AAPL/USD,reversal,75,25,True,False,False,False,2.0,58,24.137931034482758,0.34159332632385386,-407.2392872435323,-43.34278919320633
24,AMZN/USD,reversal,75,25,True,False,False,False,2.0,74,37.83783783783784,0.5696502553633895,-327.2495346022762,-34.666701199619524
25,BTC,reversal,75,25,False,True,True,True,2.0,9,66.66666666666666,2.200567005534769,93.28827637196696,-2.5488226140678334
25,ETH,reversal,75,25,False,True,True,True,2.0,11,63.63636363636363,1.5584258388679209,55.70981008621379,-4.504858778669499
25,XAUT,reversal,75,25,False,True,True,True,2.0,13,38.46153846153847,0.5003925386586089,-104.69461220527558,-13.198000919085814
25,SP500/USD,reversal,75,25,False,True,True,True,2.0,2,50.0,0.4726063550989047,-16.471088382323387,-3.077684212516547
25,NASDAQ100/USD,reversal,75,25,False,True,True,True,2.0,6,50.0,1.4291422341042905,25.058316807246,-4.948274593095775
25,OIL_BRENT/USD,reversal,75,25,False,True,True,True,2.0,6,33.33333333333333,0.47269670543462805,-46.92821164321356,-6.610801783878811
25,SILVER/USD,reversal,75,25,False,True,True,True,2.0,10,30.0,0.416214135254197,-93.97392528091018,-15.24502776797821
25,HYPE,reversal,75,25,False,True,True,True,2.0,16,25.0,0.30300202043884494,-152.52613492729608,-16.116054981936305
25,AAPL/USD,reversal,75,25,False,True,True,True,2.0,1,0.0,0.0,-28.573994074073426,-2.8573994074073426
25,AMZN/USD,reversal,75,25,False,True,True,True,2.0,7,28.57142857142857,0.495358002990189,-47.632047386241425,-7.539287483347981
26,BTC,reversal,75,25,False,True,True,False,2.0,60,36.666666666666664,0.7395456745429079,-189.20975209246433,-26.72869724634094
26,ETH,reversal,75,25,False,True,True,False,2.0,70,44.285714285714285,1.0063128542860862,4.472005419680386,-18.372879185429706
26,XAUT,reversal,75,25,False,True,True,False,2.0,101,34.65346534653465,0.5202887495841763,-492.5881466357406,-49.84741414985036
26,SP500/USD,reversal,75,25,False,True,True,False,2.0,15,40.0,0.34647060258082674,-144.34737061438932,-18.14461988741664
26,NASDAQ100/USD,reversal,75,25,False,True,True,False,2.0,25,44.0,0.7601484714454759,-73.31931391306728,-11.414375815060895
26,OIL_BRENT/USD,reversal,75,25,False,True,True,False,2.0,25,44.0,0.7236913279266158,-76.41799495565976,-17.579284661616974
26,SILVER/USD,reversal,75,25,False,True,True,False,2.0,44,38.63636363636363,0.8979341787738789,-59.39380235089652,-25.206663179954397
26,HYPE,reversal,75,25,False,True,True,False,2.0,60,35.0,0.5581304914366363,-282.62119803824953,-28.993015052185246
26,AAPL/USD,reversal,75,25,False,True,True,False,2.0,26,11.538461538461538,0.10079225097744098,-342.5189986004997,-34.60837512857856
26,AMZN/USD,reversal,75,25,False,True,True,False,2.0,42,38.095238095238095,0.5974132536862176,-188.48419755895054,-23.05892289565764
27,BTC,reversal,75,25,False,True,False,True,2.0,21,57.14285714285714,1.4298349676069613,83.77151997380224,-6.888843025850801
27,ETH,reversal,75,25,False,True,False,True,2.0,27,40.74074074074074,0.9035431379025118,-26.46993655413985,-7.3222792167556
27,XAUT,reversal,75,25,False,True,False,True,2.0,19,36.84210526315789,0.5096630927649203,-147.15940880239555,-18.385535035940723
27,SP500/USD,reversal,75,25,False,True,False,True,2.0,9,33.33333333333333,0.35237662598904185,-68.47246357635413,-8.903852835648102
27,NASDAQ100/USD,reversal,75,25,False,True,False,True,2.0,14,35.714285714285715,0.5759905336119995,-74.90814435048208,-12.621457006649111
27,OIL_BRENT/USD,reversal,75,25,False,True,False,True,2.0,6,33.33333333333333,0.47269670543462805,-46.92821164321356,-6.610801783878811
27,SILVER/USD,reversal,75,25,False,True,False,True,2.0,10,30.0,0.416214135254197,-93.97392528091018,-15.24502776797821
27,HYPE,reversal,75,25,False,True,False,True,2.0,26,26.923076923076923,0.40845611382625885,-196.9857304100259,-20.516717252127627
27,AAPL/USD,reversal,75,25,False,True,False,True,2.0,5,20.0,0.10085955825179836,-75.04939069339514,-8.3467929156291
27,AMZN/USD,reversal,75,25,False,True,False,True,2.0,10,30.0,0.6764864797636595,-39.839227442984225,-7.969139983281304
28,BTC,reversal,75,25,False,True,False,False,2.0,139,43.16546762589928,0.7936553114624512,-269.92903552592986,-31.66657667839813
28,ETH,reversal,75,25,False,True,False,False,2.0,147,42.857142857142854,0.7930659111164363,-271.62300808112263,-36.93409884705968
28,XAUT,reversal,75,25,False,True,False,False,2.0,159,33.33333333333333,0.4250674088101891,-710.7758097086116,-72.6061859218361
28,SP500/USD,reversal,75,25,False,True,False,False,2.0,42,33.33333333333333,0.3806104480623477,-327.23884805971625,-35.51139440979431
28,NASDAQ100/USD,reversal,75,25,False,True,False,False,2.0,56,42.857142857142854,0.7401114061453761,-181.16970772231093,-24.901871939023586
28,OIL_BRENT/USD,reversal,75,25,False,True,False,False,2.0,36,38.88888888888889,0.7307927632693517,-111.626552267227,-19.01337587971721
28,SILVER/USD,reversal,75,25,False,True,False,False,2.0,64,39.0625,0.7715936301998206,-170.75835576716793,-33.0326759711129
28,HYPE,reversal,75,25,False,True,False,False,2.0,104,28.846153846153843,0.454218988458894,-539.8091614414677,-54.44977763868993
28,AAPL/USD,reversal,75,25,False,True,False,False,2.0,53,20.754716981132077,0.23208268942051044,-461.4631767021117,-46.43812966319393
28,AMZN/USD,reversal,75,25,False,True,False,False,2.0,70,38.57142857142858,0.7331748852802502,-188.63422283123657,-21.86025721392155
29,BTC,reversal,75,25,False,False,True,True,2.0,19,47.368421052631575,1.1272371816352187,27.572392304913365,-7.935220501874992
29,ETH,reversal,75,25,False,False,True,True,2.0,16,68.75,2.3325122567094514,162.2235859940206,-4.298295020797547
29,XAUT,reversal,75,25,False,False,True,True,2.0,21,33.33333333333333,0.367439848713677,-203.4865790546487,-25.125572035652066
29,SP500/USD,reversal,75,25,False,False,True,True,2.0,7,42.857142857142854,0.3271517666868321,-63.315087897451804,-8.617087970089209
29,NASDAQ100/USD,reversal,75,25,False,False,True,True,2.0,8,62.5,2.035769685893149,61.463162870695896,-2.6173379353263577
29,OIL_BRENT/USD,reversal,75,25,False,False,True,True,2.0,8,25.0,0.364655493940139,-73.29639462521459,-9.194556226291494
29,SILVER/USD,reversal,75,25,False,False,True,True,2.0,12,25.0,0.33909428674996567,-129.9099355825781,-17.887153067903355
29,HYPE,reversal,75,25,False,False,True,True,2.0,21,19.047619047619047,0.20779403442516037,-238.59458231878466,-24.635209620596882
29,AAPL/USD,reversal,75,25,False,False,True,True,2.0,5,20.0,0.24158591256526996,-54.84956279811297,-5.697175008819966
29,AMZN/USD,reversal,75,25,False,False,True,True,2.0,10,30.0,0.3369298159504422,-100.45849193683546,-10.045849193683546
30,BTC,reversal,75,25,False,False,True,False,2.0,94,32.97872340425532,0.5968899762955321,-421.3465446669052,-46.00264403116522
30,ETH,reversal,75,25,False,False,True,False,2.0,102,44.11764705882353,0.9981153018655374,-1.9898948910705485,-21.92604542020313
30,XAUT,reversal,75,25,False,False,True,False,2.0,123,34.146341463414636,0.45711754829229867,-617.4518580310202,-62.15544934532955
30,SP500/USD,reversal,75,25,False,False,True,False,2.0,25,44.0,0.4206069762439474,-191.59587011837914,-21.579711953410406
30,NASDAQ100/USD,reversal,75,25,False,False,True,False,2.0,33,45.45454545454545,0.8150845737972944,-76.7124770004989,-14.381928009412015
30,OIL_BRENT/USD,reversal,75,25,False,False,True,False,2.0,33,39.39393939393939,0.6064711364265621,-151.8750036760954,-24.02198195421306
30,SILVER/USD,reversal,75,25,False,False,True,False,2.0,51,37.254901960784316,0.8226172207816594,-121.6313628822237,-28.550043311085975
30,HYPE,reversal,75,25,False,False,True,False,2.0,76,34.21052631578947,0.5371894728560226,-367.9589461141127,-37.4398442260229
30,AAPL/USD,reversal,75,25,False,False,True,False,2.0,38,15.789473684210526,0.17238275833629724,-389.82887489318,-39.31371212943361
30,AMZN/USD,reversal,75,25,False,False,True,False,2.0,51,35.294117647058826,0.4623546754628461,-314.4795117801423,-32.344711754378366
31,BTC,reversal,75,25,False,False,False,True,2.0,31,48.38709677419355,1.0509478789329076,16.854515766078293,-11.627553562814876
31,ETH,reversal,75,25,False,False,False,True,2.0,35,48.57142857142857,1.1753424943700361,57.09837078314263,-9.973749808616278
31,XAUT,reversal,75,25,False,False,False,True,2.0,29,31.03448275862069,0.35686257918053355,-280.03361120822376,-29.131136901054205
31,SP500/USD,reversal,75,25,False,False,False,True,2.0,13,30.76923076923077,0.27908184043519846,-118.65113211039215,-12.663301760956658
31,NASDAQ100/USD,reversal,75,25,False,False,False,True,2.0,17,41.17647058823529,0.6695934239023211,-65.73949597395915,-13.10984308845404
31,OIL_BRENT/USD,reversal,75,25,False,False,False,True,2.0,9,22.22222222222222,0.36024517185120386,-74.70875483039913,-9.332949985047016
31,SILVER/USD,reversal,75,25,False,False,False,True,2.0,12,25.0,0.33909428674996567,-129.9099355825781,-17.887153067903355
31,HYPE,reversal,75,25,False,False,False,True,2.0,31,22.58064516129032,0.3140305431619885,-278.53891365879804,-28.588945814717214
31,AAPL/USD,reversal,75,25,False,False,False,True,2.0,10,20.0,0.16570894497098437,-121.87546322123808,-13.182155466391293
31,AMZN/USD,reversal,75,25,False,False,False,True,2.0,14,35.714285714285715,0.5672460570681216,-78.05215307730816,-7.8052153077308155
32,BTC,reversal,75,25,False,False,False,False,2.0,175,40.0,0.6965808450995048,-466.2527527364175,-48.608040803358044
32,ETH,reversal,75,25,False,False,False,False,2.0,187,42.780748663101605,0.7957874802783219,-341.997751359742,-42.045633809299396
32,XAUT,reversal,75,25,False,False,False,False,2.0,187,33.155080213903744,0.3895651827331465,-795.2078348506,-80.58596706986256
32,SP500/USD,reversal,75,25,False,False,False,False,2.0,56,37.5,0.4773728996455556,-362.0839801169253,-40.297232250066294
32,NASDAQ100/USD,reversal,75,25,False,False,False,False,2.0,71,40.845070422535215,0.6947268020015164,-273.3511018605252,-33.83368368757162
32,OIL_BRENT/USD,reversal,75,25,False,False,False,False,2.0,47,36.17021276595745,0.6940879900429769,-165.29331515056936,-23.496518727495523
32,SILVER/USD,reversal,75,25,False,False,False,False,2.0,71,38.028169014084504,0.7315101576928205,-225.52922878074708,-36.018127041002614
32,HYPE,reversal,75,25,False,False,False,False,2.0,123,29.268292682926827,0.45358173059128687,-610.3614706994572,-61.433126948449356
32,AAPL/USD,reversal,75,25,False,False,False,False,2.0,69,23.18840579710145,0.30879332368624374,-502.2821210008038,-52.427166332203925
32,AMZN/USD,reversal,75,25,False,False,False,False,2.0,90,38.88888888888889,0.6953509072834935,-275.11605378859315,-28.459859087642947
33,BTC,reversal,75,20,True,True,True,True,2.0,10,70.0,2.6468339378123344,129.52562702818136,-2.548822614067826
33,ETH,reversal,75,20,True,True,True,True,2.0,7,57.14285714285714,1.5126347124812878,38.59923091415021,-4.504858778669507
33,XAUT,reversal,75,20,True,True,True,True,2.0,5,40.0,0.4933305724496008,-40.871648123028876,-5.623620916489483
33,SP500/USD,reversal,75,20,True,True,True,True,2.0,1,0.0,0.0,-30.776842125165558,-3.0776842125165556
33,NASDAQ100/USD,reversal,75,20,True,True,True,True,2.0,4,50.0,0.9927423651097372,-0.36971199205640914,-4.992173893987721
33,OIL_BRENT/USD,reversal,75,20,True,True,True,True,2.0,4,25.0,0.5747479390950733,-28.255767262417294,-4.417792172277289
33,SILVER/USD,reversal,75,20,True,True,True,True,2.0,7,28.57142857142857,0.24305484783719725,-91.45446310526859,-11.865587469222834
33,HYPE,reversal,75,20,True,True,True,True,2.0,10,20.0,0.16058036663500513,-133.3840135022415,-13.957893943358604
33,AAPL/USD,reversal,75,20,True,True,True,True,2.0,0,,,0.0,0.0
33,AMZN/USD,reversal,75,20,True,True,True,True,2.0,4,0.0,0.0,-65.90283374587682,-6.590283374587681
34,BTC,reversal,75,20,True,True,True,False,2.0,35,40.0,0.8193502707601926,-80.12595680788218,-15.08812170827504
34,ETH,reversal,75,20,True,True,True,False,2.0,31,35.483870967741936,0.7958640186579824,-71.49711428517162,-11.774965815201165
34,XAUT,reversal,75,20,True,True,True,False,2.0,55,30.909090909090907,0.4924927748589218,-367.19687396408756,-37.61354744985116
34,SP500/USD,reversal,75,20,True,True,True,False,2.0,10,30.0,0.1250136108452489,-153.58689634144184,-15.358689634144184
34,NASDAQ100/USD,reversal,75,20,True,True,True,False,2.0,16,43.75,0.8126473077471151,-43.020025611390224,-13.666590829986797
34,OIL_BRENT/USD,reversal,75,20,True,True,True,False,2.0,17,52.94117647058824,1.150382133609077,24.383530406682212,-8.851357008228343
34,SILVER/USD,reversal,75,20,True,True,True,False,2.0,28,35.714285714285715,0.6625291082040891,-127.29426587208525,-21.13051250690771
34,HYPE,reversal,75,20,True,True,True,False,2.0,37,32.432432432432435,0.41496801635211145,-248.75799218660825,-24.995614322974255
34,AAPL/USD,reversal,75,20,True,True,True,False,2.0,15,20.0,0.24773667178876865,-136.9646575552581,-14.164389170488057
34,AMZN/USD,reversal,75,20,True,True,True,False,2.0,25,32.0,0.475884638405646,-152.27560154551634,-16.54340309074073
35,BTC,reversal,75,20,True,True,False,True,2.0,16,56.25,1.4241588744672973,72.5960037106795,-6.888843025850801
35,ETH,reversal,75,20,True,True,False,True,2.0,20,40.0,0.8568370393206562,-32.94508011465416,-6.97483694157379
35,XAUT,reversal,75,20,True,True,False,True,2.0,9,33.33333333333333,0.40037188348432984,-94.11727586993538,-13.455578047983806
35,SP500/USD,reversal,75,20,True,True,False,True,2.0,2,0.0,0.0,-32.52285428611276,-3.2522854286112763
35,NASDAQ100/USD,reversal,75,20,True,True,False,True,2.0,7,28.57142857142857,0.4380167583073861,-62.480329781421915,-10.895351143677196
35,OIL_BRENT/USD,reversal,75,20,True,True,False,True,2.0,4,25.0,0.5747479390950733,-28.255767262417294,-4.417792172277289
35,SILVER/USD,reversal,75,20,True,True,False,True,2.0,7,28.57142857142857,0.24305484783719725,-91.45446310526859,-11.865587469222834
35,HYPE,reversal,75,20,True,True,False,True,2.0,17,17.647058823529413,0.12583093277572632,-231.64388300804012,-23.286932923375385
35,AAPL/USD,reversal,75,20,True,True,False,True,2.0,2,50.0,0.6459965804741863,-8.5890982182583,-2.4262754946727227
35,AMZN/USD,reversal,75,20,True,True,False,True,2.0,6,0.0,0.0,-92.25081423922666,-9.225081423922665
36,BTC,reversal,75,20,True,True,False,False,2.0,75,41.333333333333336,0.7936455273016654,-163.09171011601916,-24.395752054211194
36,ETH,reversal,75,20,True,True,False,False,2.0,86,40.69767441860465,0.6857482223439745,-248.46926039472976,-31.60735355461734
36,XAUT,reversal,75,20,True,True,False,False,2.0,85,28.235294117647058,0.3616764699539493,-586.4647377275975,-58.64647377275974
36,SP500/USD,reversal,75,20,True,True,False,False,2.0,19,36.84210526315789,0.43387681723295873,-155.6742000019956,-19.000233726794423
36,NASDAQ100/USD,reversal,75,20,True,True,False,False,2.0,28,39.285714285714285,0.721864899992895,-103.5322304872409,-21.303505171507823
36,OIL_BRENT/USD,reversal,75,20,True,True,False,False,2.0,20,45.0,0.8913868242919709,-22.423626290697143,-12.874125188486707
36,SILVER/USD,reversal,75,20,True,True,False,False,2.0,37,35.13513513513514,0.5961212153138825,-192.38071687082493,-29.870686099276263
36,HYPE,reversal,75,20,True,True,False,False,2.0,62,27.419354838709676,0.3085726513296062,-448.44842243792266,-44.93280884990923
36,AAPL/USD,reversal,75,20,True,True,False,False,2.0,31,32.25806451612903,0.5182872997308762,-152.10905928510363,-18.159195091251252
36,AMZN/USD,reversal,75,20,True,True,False,False,2.0,41,31.70731707317073,0.5171712201940352,-220.5517883296602,-22.05517883296602
37,BTC,reversal,75,20,True,False,True,True,2.0,16,56.25,1.978179520392331,141.98038415218048,-4.980303502510243
37,ETH,reversal,75,20,True,False,True,True,2.0,13,69.23076923076923,2.8968854671102293,186.9775721398637,-4.298295020797547
37,XAUT,reversal,75,20,True,False,True,True,2.0,13,38.46153846153847,0.3992901127737551,-111.06205014363877,-16.224149529535143
37,SP500/USD,reversal,75,20,True,False,True,True,2.0,4,25.0,0.006907175967801476,-86.1708797008921,-8.61708797008921
37,NASDAQ100/USD,reversal,75,20,True,False,True,True,2.0,5,60.0,1.0538520047889908,2.747656904582527,-4.6958899122064395
37,OIL_BRENT/USD,reversal,75,20,True,False,True,True,2.0,4,25.0,0.5747479390950733,-28.255767262417294,-4.417792172277289
37,SILVER/USD,reversal,75,20,True,False,True,True,2.0,12,33.33333333333333,0.36485875396328993,-118.43594755203821,-16.90195371321789
37,HYPE,reversal,75,20,True,False,True,True,2.0,13,15.384615384615385,0.11393141962745565,-186.73733368191472,-19.126101563264456
37,AAPL/USD,reversal,75,20,True,False,True,True,2.0,5,40.0,0.583599419375613,-18.807995539170406,-2.923306133549363
37,AMZN/USD,reversal,75,20,True,False,True,True,2.0,5,0.0,0.0,-101.65971472773765,-10.165971472773764
38,BTC,reversal,75,20,True,False,True,False,2.0,63,39.682539682539684,0.8197566354448369,-137.26684863009189,-21.768188432417695
38,ETH,reversal,75,20,True,False,True,False,2.0,57,42.10526315789473,1.0476854731773984,27.966459453054995,-16.95469556516088
38,XAUT,reversal,75,20,True,False,True,False,2.0,77,31.16883116883117,0.4179636382921987,-522.187785910585,-52.2187785910585
38,SP500/USD,reversal,75,20,True,False,True,False,2.0,16,31.25,0.12454791784264233,-235.8687917776008,-23.58687917776008
38,NASDAQ100/USD,reversal,75,20,True,False,True,False,2.0,21,47.61904761904761,0.8271626590585955,-50.15228136545704,-15.713212459175413
38,OIL_BRENT/USD,reversal,75,20,True,False,True,False,2.0,22,50.0,0.9593316836676937,-9.53472906535103,-10.405742089233474
38,SILVER/USD,reversal,75,20,True,False,True,False,2.0,38,36.84210526315789,0.6539830590105054,-176.2723642308448,-26.743086495026997
38,HYPE,reversal,75,20,True,False,True,False,2.0,46,30.434782608695656,0.35576838295311775,-332.7516120200735,-33.27516120200735
38,AAPL/USD,reversal,75,20,True,False,True,False,2.0,28,28.57142857142857,0.4487832162831261,-171.113923812978,-18.271302522304953
38,AMZN/USD,reversal,75,20,True,False,True,False,2.0,32,31.25,0.4278275596580881,-206.9020421549286,-21.921255660324515
39,BTC,reversal,75,20,True,False,False,True,2.0,22,50.0,1.3614015772678638,84.42302418611257,-8.965766557988127
39,ETH,reversal,75,20,True,False,False,True,2.0,28,50.0,1.2972737583570035,84.15551990748008,-5.28690022940001
39,XAUT,reversal,75,20,True,False,False,True,2.0,19,31.57894736842105,0.3077417278720087,-203.3103864166277,-23.252762490121757
39,SP500/USD,reversal,75,20,True,False,False,True,2.0,5,20.0,0.006766442857725138,-87.81710198118549,-8.78171019811855
39,NASDAQ100/USD,reversal,75,20,True,False,False,True,2.0,8,37.5,0.46468088470112545,-59.5566542035732,-10.617476349142729
39,OIL_BRENT/USD,reversal,75,20,True,False,False,True,2.0,5,20.0,0.5622165408351294,-29.736772489952955,-4.563466048883134
39,SILVER/USD,reversal,75,20,True,False,False,True,2.0,12,33.33333333333333,0.36485875396328993,-118.43594755203821,-16.90195371321789
39,HYPE,reversal,75,20,True,False,False,True,2.0,20,15.0,0.10158937001728892,-278.9478221928598,-27.89478221928598
39,AAPL/USD,reversal,75,20,True,False,False,True,2.0,9,33.33333333333333,0.34608822102675396,-74.67499158723706,-9.134869252474289
39,AMZN/USD,reversal,75,20,True,False,False,True,2.0,7,0.0,0.0,-126.9991046411684,-12.69991046411684
40,BTC,reversal,75,20,True,False,False,False,2.0,104,41.34615384615385,0.7991318718848953,-213.54966761482297,-29.497120083924656
40,ETH,reversal,75,20,True,False,False,False,2.0,121,42.14876033057851,0.7946249995864021,-224.29926703023318,-39.24348569802041
40,XAUT,reversal,75,20,True,False,False,False,2.0,110,30.0,0.33609452433894194,-686.3059180107257,-68.63059180107257
40,SP500/USD,reversal,75,20,True,False,False,False,2.0,27,37.03703703703704,0.38117347414318525,-246.64856745329598,-26.199284959469495
40,NASDAQ100/USD,reversal,75,20,True,False,False,False,2.0,36,41.66666666666667,0.7597621119860465,-112.78696136747385,-21.058088432743595
40,OIL_BRENT/USD,reversal,75,20,True,False,False,False,2.0,26,42.30769230769231,0.7977525566246617,-56.23262082051599,-14.49957251966788
40,SILVER/USD,reversal,75,20,True,False,False,False,2.0,48,35.41666666666667,0.5889877552703666,-255.08560366516542,-34.883185787447516
40,HYPE,reversal,75,20,True,False,False,False,2.0,74,27.027027027027028,0.27787194366629875,-529.2167774229329,-52.921677742293284
40,AAPL/USD,reversal,75,20,True,False,False,False,2.0,51,35.294117647058826,0.5745869939238947,-225.25957190152167,-26.753328263209436
40,AMZN/USD,reversal,75,20,True,False,False,False,2.0,55,34.54545454545455,0.57102650372831,-249.56041190080998,-24.956041190081
41,BTC,reversal,75,20,False,True,True,True,2.0,10,70.0,2.6468339378123344,129.52562702818136,-2.548822614067826
41,ETH,reversal,75,20,False,True,True,True,2.0,8,62.5,1.9136922865028958,70.93939798260112,-4.504858778669512
41,XAUT,reversal,75,20,False,True,True,True,2.0,6,33.33333333333333,0.3736296230739536,-65.03456173674738,-8.001204991142014
41,SP500/USD,reversal,75,20,False,True,True,True,2.0,1,0.0,0.0,-30.776842125165558,-3.0776842125165556
41,NASDAQ100/USD,reversal,75,20,False,True,True,True,2.0,4,50.0,0.9927423651097372,-0.36971199205640914,-4.992173893987721
41,OIL_BRENT/USD,reversal,75,20,False,True,True,True,2.0,4,25.0,0.5747479390950733,-28.255767262417294,-4.417792172277289
41,SILVER/USD,reversal,75,20,False,True,True,True,2.0,8,25.0,0.20613814988392778,-112.11759758501978,-13.870036497327327
41,HYPE,reversal,75,20,False,True,True,True,2.0,10,20.0,0.16058036663500513,-133.3840135022415,-13.957893943358604
41,AAPL/USD,reversal,75,20,False,True,True,True,2.0,0,,,0.0,0.0
41,AMZN/USD,reversal,75,20,False,True,True,True,2.0,5,20.0,0.2715899863807775,-48.66524259411483,-5.00082423491759
42,BTC,reversal,75,20,False,True,True,False,2.0,37,40.54054054054054,0.8534180207399706,-65.74914034499056,-13.282368139876302
42,ETH,reversal,75,20,False,True,True,False,2.0,40,40.0,0.969807587928467,-12.438288012160683,-14.839367724924912
42,XAUT,reversal,75,20,False,True,True,False,2.0,71,30.985915492957744,0.4631091794028341,-456.9799754705407,-45.69799754705407
42,SP500/USD,reversal,75,20,False,True,True,False,2.0,12,25.0,0.10451597180332983,-181.7549871360012,-18.17549871360012
42,NASDAQ100/USD,reversal,75,20,False,True,True,False,2.0,19,42.10526315789473,0.6876497443510837,-86.67592120536972,-15.325671902051068
42,OIL_BRENT/USD,reversal,75,20,False,True,True,False,2.0,20,50.0,1.0147058834277356,3.0512424430945657,-12.225531268064984
42,SILVER/USD,reversal,75,20,False,True,True,False,2.0,31,38.70967741935484,0.8046518214231284,-81.29673118436392,-20.056287149903515
42,HYPE,reversal,75,20,False,True,True,False,2.0,44,34.090909090909086,0.44701879121334476,-273.2767336536982,-27.443577991387365
42,AAPL/USD,reversal,75,20,False,True,True,False,2.0,16,18.75,0.22102655825022294,-155.90067136678067,-16.047723759757424
42,AMZN/USD,reversal,75,20,False,True,True,False,2.0,29,37.93103448275862,0.6530134366417412,-112.98866893549291,-14.335771285843576
43,BTC,reversal,75,20,False,True,False,True,2.0,17,58.82352941176471,1.4723384896573024,81.03901739820162,-6.888843025850801
43,ETH,reversal,75,20,False,True,False,True,2.0,22,45.45454545454545,1.0771118295982538,18.178440799621512,-5.014721813851944
43,XAUT,reversal,75,20,False,True,False,True,2.0,10,30.0,0.34376961107732923,-116.938794975777,-15.635854949697169
43,SP500/USD,reversal,75,20,False,True,False,True,2.0,2,0.0,0.0,-32.52285428611276,-3.2522854286112763
43,NASDAQ100/USD,reversal,75,20,False,True,False,True,2.0,8,25.0,0.3502151994474293,-88.87631976685236,-13.404104286230927
43,OIL_BRENT/USD,reversal,75,20,False,True,False,True,2.0,4,25.0,0.5747479390950733,-28.255767262417294,-4.417792172277289
43,SILVER/USD,reversal,75,20,False,True,False,True,2.0,8,25.0,0.20613814988392778,-112.11759758501978,-13.870036497327327
43,HYPE,reversal,75,20,False,True,False,True,2.0,18,22.22222222222222,0.21486531735589634,-209.63268528638582,-21.089323702967786
43,AAPL/USD,reversal,75,20,False,True,False,True,2.0,2,50.0,0.6459965804741863,-8.5890982182583,-2.4262754946727227
43,AMZN/USD,reversal,75,20,False,True,False,True,2.0,7,14.285714285714285,0.19005031942047615,-75.49944200753748,-7.549944200753749
44,BTC,reversal,75,20,False,True,False,False,2.0,89,42.69662921348314,0.7699269237231358,-200.29503995506445,-22.63263144219752
44,ETH,reversal,75,20,False,True,False,False,2.0,108,43.51851851851852,0.8030820144059654,-200.55025170390297,-29.06886769398323
44,XAUT,reversal,75,20,False,True,False,False,2.0,116,31.03448275862069,0.3750989321695743,-668.014592396159,-67.1752848721751
44,SP500/USD,reversal,75,20,False,True,False,False,2.0,29,27.586206896551722,0.27075526489413415,-322.38104680541574,-33.804278695452396
44,NASDAQ100/USD,reversal,75,20,False,True,False,False,2.0,37,40.54054054054054,0.7114202511080149,-146.0501301011799,-25.63874211461429
44,OIL_BRENT/USD,reversal,75,20,False,True,False,False,2.0,27,37.03703703703704,0.6525438597384249,-110.87416137961463,-15.805587328784544
44,SILVER/USD,reversal,75,20,False,True,False,False,2.0,45,35.55555555555556,0.6659621948086917,-187.6730983430234,-29.734595034543922
44,HYPE,reversal,75,20,False,True,False,False,2.0,78,29.48717948717949,0.39302529626395755,-480.4832021679707,-48.13117761651304
44,AAPL/USD,reversal,75,20,False,True,False,False,2.0,39,28.205128205128204,0.4302109003109741,-244.39903102981702,-26.669696558667784
44,AMZN/USD,reversal,75,20,False,True,False,False,2.0,51,35.294117647058826,0.7385004799881374,-137.68284229552444,-14.287776210086687
45,BTC,reversal,75,20,False,False,True,True,2.0,16,56.25,1.978179520392331,141.98038415218048,-4.980303502510243
45,ETH,reversal,75,20,False,False,True,True,2.0,14,71.42857142857143,3.232643084015416,223.9379817443653,-4.298295020797547
45,XAUT,reversal,75,20,False,False,True,True,2.0,14,35.714285714285715,0.3503213190791939,-133.45668674081708,-18.33467898460989
45,SP500/USD,reversal,75,20,False,False,True,True,2.0,4,25.0,0.006907175967801476,-86.1708797008921,-8.61708797008921
45,NASDAQ100/USD,reversal,75,20,False,False,True,True,2.0,5,60.0,1.0538520047889908,2.747656904582527,-4.6958899122064395
45,OIL_BRENT/USD,reversal,75,20,False,False,True,True,2.0,4,25.0,0.5747479390950733,-28.255767262417294,-4.417792172277289
45,SILVER/USD,reversal,75,20,False,False,True,True,2.0,13,30.76923076923077,0.3286325223881161,-138.4854396562048,-18.791860201886625
45,HYPE,reversal,75,20,False,False,True,True,2.0,13,15.384615384615385,0.11393141962745565,-186.73733368191472,-19.126101563264456
45,AAPL/USD,reversal,75,20,False,False,True,True,2.0,5,40.0,0.583599419375613,-18.807995539170406,-2.923306133549363
45,AMZN/USD,reversal,75,20,False,False,True,True,2.0,6,16.666666666666664,0.17019410985168285,-85.0819719488162,-8.50819719488162
46,BTC,reversal,75,20,False,False,True,False,2.0,65,40.0,0.8383224824167305,-123.78309369049634,-21.768188432417727
46,ETH,reversal,75,20,False,False,True,False,2.0,66,43.93939393939394,1.1460168087319125,93.35181632955096,-20.408029228119158
46,XAUT,reversal,75,20,False,False,True,False,2.0,93,31.182795698924732,0.40329064340355647,-589.9805333758984,-58.99805333758984
46,SP500/USD,reversal,75,20,False,False,True,False,2.0,18,27.77777777777778,0.11043713599002916,-261.29859332383,-26.129859332383
46,NASDAQ100/USD,reversal,75,20,False,False,True,False,2.0,24,45.83333333333333,0.7233571251103547,-93.48281486108328,-18.706741263116516
46,OIL_BRENT/USD,reversal,75,20,False,False,True,False,2.0,25,48.0,0.8918822129253675,-30.160685799663952,-13.564854894273484
46,SILVER/USD,reversal,75,20,False,False,True,False,2.0,41,39.02439024390244,0.7599957822746082,-132.85630883229817,-25.745306028027
46,HYPE,reversal,75,20,False,False,True,False,2.0,54,33.33333333333333,0.4192087181401368,-341.7837259914169,-34.17837259914169
46,AAPL/USD,reversal,75,20,False,False,True,False,2.0,29,27.586206896551722,0.4200142543217401,-189.30066242601595,-20.064526586398802
46,AMZN/USD,reversal,75,20,False,False,True,False,2.0,36,36.11111111111111,0.5704469109510252,-170.14671686310908,-18.30277496926442
47,BTC,reversal,75,20,False,False,False,True,2.0,23,52.17391304347826,1.3971746477857543,92.95913508396484,-8.965766557988127
47,ETH,reversal,75,20,False,False,False,True,2.0,30,53.333333333333336,1.4898962071391684,141.46958372806353,-5.28690022940001
47,XAUT,reversal,75,20,False,False,False,True,2.0,20,30.0,0.28285192425686956,-223.3810498187571,-25.186223081098625
47,SP500/USD,reversal,75,20,False,False,False,True,2.0,5,20.0,0.006766442857725138,-87.81710198118549,-8.78171019811855
47,NASDAQ100/USD,reversal,75,20,False,False,False,True,2.0,9,33.33333333333333,0.37132911230490784,-86.03496066056698,-13.134053093191692
47,OIL_BRENT/USD,reversal,75,20,False,False,False,True,2.0,5,20.0,0.5622165408351294,-29.736772489952955,-4.563466048883134
47,SILVER/USD,reversal,75,20,False,False,False,True,2.0,13,30.76923076923077,0.3286325223881161,-138.4854396562048,-18.791860201886625
47,HYPE,reversal,75,20,False,False,False,True,2.0,21,19.047619047619047,0.1744161376880523,-258.29174657589635,-25.829174657589636
47,AAPL/USD,reversal,75,20,False,False,False,True,2.0,9,33.33333333333333,0.34608822102675396,-74.67499158723706,-9.134869252474289
47,AMZN/USD,reversal,75,20,False,False,False,True,2.0,8,12.5,0.13318124863691647,-110.88896850868855,-11.088896850868855
48,BTC,reversal,75,20,False,False,False,False,2.0,116,43.103448275862064,0.8093947008125587,-212.73813170468395,-27.94944798671894
48,ETH,reversal,75,20,False,False,False,False,2.0,144,44.44444444444444,0.8878594763704575,-152.21423521917927,-34.71791119932435
48,XAUT,reversal,75,20,False,False,False,False,2.0,141,31.914893617021278,0.3461818807517388,-748.1669226951628,-75.08013451958193
48,SP500/USD,reversal,75,20,False,False,False,False,2.0,37,29.72972972972973,0.2770040967310672,-395.393094571853,-40.77077442037862
48,NASDAQ100/USD,reversal,75,20,False,False,False,False,2.0,45,42.22222222222222,0.7452819330107245,-154.86592526960897,-27.27224945065799
48,OIL_BRENT/USD,reversal,75,20,False,False,False,False,2.0,33,36.36363636363637,0.6316711844041347,-141.62413797753095,-18.717409375630442
48,SILVER/USD,reversal,75,20,False,False,False,False,2.0,56,35.714285714285715,0.6453720132541098,-250.74349236709907,-34.75682184510656
48,HYPE,reversal,75,20,False,False,False,False,2.0,91,29.67032967032967,0.3751099413734669,-547.804409159384,-54.7804409159384
48,AAPL/USD,reversal,75,20,False,False,False,False,2.0,59,32.20338983050847,0.5075553697523234,-309.5873654717773,-34.72597302254968
48,AMZN/USD,reversal,75,20,False,False,False,False,2.0,66,36.36363636363637,0.7381299860138623,-171.27115274516302,-17.127115274516303
